ID,V1,V2,V3,V4,V5,V6,V7,V8,V9,V10,V11,V12,V13,V14,V15,V16,V17,V18,V19,V20,V21
id8002554,AA,AA,GG,AA,AA,--,GG,AA,AA,AA,AG,AG,AA,AA,AA,AG,GG,AA,AA,GG,AA
id12004178,AA,AA,GG,AG,GG,--,GG,GG,AA,GG,AA,GG,AG,AG,AG,AG,GG,GG,GG,AA,AA
id12007407,AA,AA,AA,TT,AA,TT,TT,AA,AA,AA,AT,AT,AA,TT,AA,AT,TT,AA,AA,TT,TT
id6006147,TT,TT,TT,AA,AA,AA,AA,AA,TT,TT,AA,AT,AA,TT,AA,AT,AA,--,AA,AA,AA
TBGI047595,AA,AA,AA,AA,AA,AA,AG,AG,AA,AA,AG,AG,AA,AA,AA,--,AA,AA,AA,AG,AA
id4007444,GG,GG,GG,AA,GG,GG,GG,GG,GG,AG,AG,AG,GG,AA,GG,GG,GG,GG,AG,GG,GG
TBGI456962,AA,AA,AA,AA,AA,AA,GG,AA,AA,AA,AG,AG,AA,AA,AA,AG,GG,GG,AA,AA,AA
id8006792,GG,GG,GG,GG,GG,AA,GG,GG,GG,GG,GG,GG,GG,GG,GG,GG,GG,AG,GG,AA,GG
TBGI069693,CC,CC,CC,CC,CC,AA,CC,CC,CC,CC,CC,CC,CC,CC,CC,CC,CC,CC,CC,AA,CC
id11001683,AA,AA,AA,AA,AA,AA,AA,AA,AA,AA,AA,AG,AA,AA,AA,AG,GG,AA,AA,AA,AA
id9003100,AG,AG,AG,AG,AG,GG,AA,AG,AG,GG,AG,GG,GG,AG,AG,GG,GG,AG,AG,AA,AG
TBGI405706,GG,GG,GG,GG,GG,AA,GG,GG,GG,GG,AG,GG,GG,GG,GG,GG,GG,GG,GG,AA,GG
TBGI331616,GG,GG,GG,GG,GG,AA,GG,GG,GG,GG,AG,GG,GG,GG,GG,GG,GG,GG,GG,GG,GG
TBGI138333,AA,AA,AA,AA,AA,AA,AA,AA,AA,AA,AG,AG,AA,AA,AA,AG,AA,AA,GG,GG,AA
id3007320,GG,GG,GG,AA,GG,AA,GG,GG,GG,GG,GG,AG,GG,GG,GG,AG,GG,AA,AA,AA,AA
id11003236,GG,GG,GG,GG,GG,--,GG,GG,GG,AG,AG,GG,AA,AA,AG,GG,AG,AA,GG,GG,AG
TBGI268893,AA,AA,AA,AA,AA,GG,GG,AA,AA,AG,AG,AG,AA,GG,AA,AA,AA,GG,AA,AA,AA
TBGI264269,AA,AA,AA,AA,AA,AA,AA,AA,AA,AA,AA,AG,AA,AA,AA,AG,AA,AA,AA,AA,AA
TBGI036236,GG,GG,GG,GG,AA,AA,GG,GG,GG,AG,AG,AG,AA,GG,AA,AA,AA,GG,GG,AA,AA
id2011065,GG,GG,GG,GG,GG,GG,AA,GG,GG,GG,AG,AG,GG,GG,AG,AG,--,AG,GG,GG,GG
TBGI069041,AA,AA,AA,AA,AA,AA,AA,AA,AA,AA,AA,AG,AA,AA,AG,AG,AA,AA,AA,GG,AA
TBGI049889,GG,GG,GG,GG,GG,GG,GG,GG,GG,GG,AG,AG,GG,GG,AG,--,GG,AG,GG,AA,GG
TBGI258630,AA,AA,AA,AA,AA,AA,AA,AA,AA,AA,AC,AC,AA,AA,AA,AC,AA,CC,AA,CC,AA
TBGI256858,AA,AA,AA,GG,GG,GG,GG,GG,AA,GG,AG,AG,GG,GG,GG,AG,GG,GG,GG,AA,GG
id2010357,AA,AA,GG,AA,AA,AA,AA,GG,AA,AA,AG,GG,AA,AA,GG,AG,GG,AA,AA,AA,AA
TBGI046906,AA,AA,AA,AA,AA,AA,AA,AA,AA,AA,AC,AC,AA,AA,AA,AC,AA,--,AA,CC,AA
id8000666,AA,AC,AA,AA,AA,CC,AA,AA,AA,AA,AA,AC,AA,AA,AC,AC,AA,--,AA,CC,AA
id6010447,AA,AA,AA,AA,AA,AA,AG,AG,AA,AA,AG,AG,AA,AA,AA,AA,AA,AA,AA,GG,AA
id12004160,CC,CC,CC,CC,CC,CC,CC,CC,CC,CC,CG,CC,CC,CC,CC,CC,CC,CC,CC,GG,CC
id11006351,AA,AA,AA,TT,TT,AA,AA,AA,AA,AA,AT,TT,AA,AA,--,TT,AA,AT,AA,AA,AA
TBGI311544,AA,AA,AA,GG,AA,GG,AA,AA,AA,AA,GG,AA,AA,AA,AA,AA,AA,AA,GG,GG,AA
id7005252,AA,AA,AA,AA,AA,GG,GG,--,AA,AA,AA,AG,AA,AA,AA,AG,AA,AA,AA,GG,AA
TBGI134013,AA,AA,AA,AA,AA,AA,AA,GG,AA,AA,AA,AA,AA,AA,AA,AA,AA,AA,AA,AA,GG
TBGI049628,TT,TT,TT,TT,TT,TT,TT,TT,TT,TT,AT,AT,TT,TT,TT,AT,TT,TT,AA,AA,TT
TBGI134960,AA,AA,AA,AA,AA,AA,AA,AA,AA,AA,AA,AA,AA,AA,AA,AA,AA,AA,AA,AA,GG
TBGI039420,AA,AA,AA,CC,AA,AC,CC,CC,AA,CC,CC,CC,CC,CC,AC,AC,CC,AA,AA,CC,CC
TBGI137868,AA,AA,AA,GG,GG,AA,GG,AA,AA,AG,AG,AA,GG,GG,GG,AG,AA,AA,GG,AA,AA
id7004871,AA,AA,AA,GG,AA,GG,AA,AA,AA,AA,AG,AG,AA,AA,AA,AG,GG,GG,GG,GG,AA
id6001376,GG,GG,GG,AG,AA,AG,AA,AA,GG,AG,AG,AG,AA,AA,AA,GG,GG,AA,GG,AG,GG
id11008214,CC,AC,CC,CC,AA,CC,AA,CC,CC,AC,AC,AC,AA,CC,AA,AA,AA,AC,CC,AA,CC
id12004885,GG,GG,AA,AG,AA,AA,GG,GG,GG,GG,AA,AA,AA,GG,GG,AG,GG,GG,GG,AA,GG
TBGI137174,CC,CC,CC,GG,GG,CC,GG,CC,CC,CG,CC,CC,GG,GG,GG,GG,CC,CC,GG,CC,CC
id2007461,TT,TT,AA,TT,AA,TT,TT,AA,TT,TT,AT,AT,TT,TT,TT,TT,TT,AA,TT,AA,TT
TBGI264222,CC,CC,CC,CC,CC,CC,CC,CC,CC,CC,CC,CG,CC,CC,CC,CG,CC,CC,CC,CC,CC
TBGI336586,TT,TT,AA,TT,TT,TT,AT,AA,TT,AA,AA,AA,AA,AA,TT,TT,AA,AA,AA,TT,TT
TBGI272466,CC,CC,CC,CC,CC,CC,CC,CC,CC,CC,CC,CC,CC,CC,CC,CG,GG,GG,GG,CC,CC
TBGI136068,GG,GG,GG,AA,AA,GG,AA,GG,GG,AG,GG,AG,AA,AA,AA,AG,GG,GG,AA,AA,AA
id12009153,GG,GG,GG,GG,GG,GG,GG,GG,GG,GG,GG,GG,GG,GG,AA,GG,GG,AG,GG,GG,GG
TBGI034638,CC,CC,CC,CC,CC,AA,CC,CC,CC,CC,AC,--,CC,CC,AC,AC,CC,AC,CC,AA,CC
TBGI263483,AA,AA,AA,AA,AA,AA,AA,AA,AA,AA,AA,AT,AA,AA,AA,AT,AA,--,AA,AA,AA
id1025292,CC,CC,CC,--,CC,CC,AA,CC,CC,AC,CC,AC,CC,AC,CC,AC,CC,CC,CC,AA,CC
TBGI047967,AA,AA,AA,AA,AA,GG,AA,AA,AA,AA,AG,AG,AA,AA,AA,AG,AA,AA,AA,GG,GG
TBGI268612,GG,GG,GG,GG,GG,AA,AA,GG,GG,AG,AG,GG,GG,AA,GG,GG,GG,AA,GG,AA,GG
TBGI049290,AA,AA,AA,AA,AA,AA,AA,AA,AA,AA,AA,AA,AA,AA,AA,AA,AA,AA,AA,GG,AA
id12002778,AA,AA,AA,AA,AA,GG,AA,AA,AA,AA,AA,AA,GG,AA,AA,AA,AA,AA,AA,GG,GG
TBGI265177,CC,CC,CC,CC,AA,AA,CC,AA,CC,AC,CC,CC,AA,CC,AC,CC,AC,AC,AA,AA,CC
TBGI066367,GG,GG,GG,GG,GG,GG,GG,GG,GG,GG,GG,GG,GG,GG,AG,GG,AG,AG,GG,GG,GG
id3010094,AA,AA,AA,AA,AA,AC,AA,CC,AA,AA,AA,AC,AA,AA,AC,AC,AA,AA,AC,AC,AC
id11010097,AA,AA,AA,AA,AA,CC,AA,AA,AA,AA,AC,AA,AA,AA,CC,AA,AA,AC,AA,AA,AA
TBGI041236,AA,AA,AA,AA,AA,AA,AA,AA,AA,AA,AA,AT,AA,AA,AT,AT,AA,AA,AA,TT,AA
TBGI138750,AA,AA,AA,AA,AA,AA,AC,AC,AA,AA,AA,AA,AA,AA,AA,AC,AA,AA,AA,AC,AA
TBGI046694,TT,TT,TT,TT,AA,AA,AA,AA,TT,TT,AT,AA,TT,AA,AA,TT,AA,AA,TT,TT,AA
TBGI272615,GG,GG,GG,GG,GG,GG,AA,GG,GG,GG,GG,GG,AA,GG,GG,AA,AA,AA,AA,GG,AA
id7003994,GG,GG,GG,GG,CC,GG,CC,CC,GG,CC,CG,CG,CC,CC,CC,CC,GG,CG,GG,CC,GG
TBGI272512,TT,TT,TT,TT,TT,TT,TT,TT,TT,TT,TT,TT,TT,TT,TT,AA,AA,AA,AA,TT,TT
TBGI272479,CC,AC,AC,CC,CC,CC,CC,CC,CC,CC,CC,CC,CC,CC,AC,CC,AA,--,AA,CC,CC
id11000784,AA,AA,GG,GG,AA,GG,GG,GG,AA,AG,GG,GG,GG,GG,GG,GG,GG,GG,AA,AA,AA
id12005991,GG,GG,AA,AA,AA,GG,GG,GG,GG,AA,AG,AA,AA,AA,GG,AG,GG,GG,AA,GG,AA
id3003557,GG,GG,GG,AA,AA,AA,AA,AA,GG,GG,GG,GG,GG,GG,GG,GG,AA,--,GG,GG,AA
TBGI068867,CC,CC,CC,CC,CC,AC,CC,CC,CC,CC,CC,AC,CC,CC,AC,AC,CC,CC,CC,CC,CC
TBGI132654,AA,AA,AA,AA,AA,AA,AA,AA,AA,AA,AA,AA,AA,AA,GG,AG,AA,AA,AA,GG,AA
id2015767,AA,AA,GG,GG,AA,AA,GG,AA,AA,GG,GG,GG,GG,GG,GG,GG,AA,GG,AA,GG,AA
id2015233,AA,--,AG,AG,GG,GG,GG,AG,AA,AG,GG,GG,AA,GG,AG,AG,AA,AG,GG,GG,AG
TBGI129319,AA,AA,AA,AA,AA,AA,--,AA,AA,AA,AA,AA,AA,AA,AA,CC,AA,CC,AA,CC,AA
id4005120,AA,AA,AA,TT,AA,TT,AA,AA,AA,AA,AT,AA,AA,AA,AA,AA,AA,AT,AA,TT,TT
id2001831,AA,AA,AA,CC,CC,AA,AA,AA,AA,CC,AA,AA,AA,CC,AA,AA,AA,--,AA,AA,AA
id6011413,GG,GG,GG,AA,AA,GG,GG,AA,GG,AG,GG,AG,GG,AG,AA,AA,AG,GG,GG,AA,GG
id2010102,GG,GG,AA,GG,AA,GG,AA,GG,GG,AA,AA,AA,AA,AA,AA,AG,AA,GG,GG,GG,GG
TBGI272517,AA,AA,AA,AA,AA,AA,AA,AA,AA,AA,AA,AA,AA,AA,AA,AA,GG,AG,GG,AA,GG
id1004874,AA,AA,AA,AA,CC,AA,CC,AA,AA,AA,AC,AC,AA,AA,AA,AA,AA,AA,AA,AA,AA
id9007259,CC,CC,CC,CC,GG,--,CC,GG,CC,CG,CC,CC,GG,GG,CC,CC,GG,CC,GG,CC,CC
TBGI127642,AA,AA,AA,AA,AA,AA,AA,AA,AA,AA,AA,AA,AA,AA,--,AA,AA,AA,AA,GG,AA
id8006885,GG,GG,GG,AA,AA,AA,AA,GG,GG,GG,GG,GG,GG,GG,AG,AG,AG,GG,AA,GG,GG
id4010238,GG,GG,GG,GG,GG,AA,GG,GG,GG,AG,GG,GG,GG,AA,AG,GG,GG,AG,GG,AA,GG
id4010825,CC,CC,CC,AC,AA,CC,AA,CC,CC,AC,CC,CC,CC,CC,CC,CC,CC,CC,CC,AA,CC
TBGI258768,AA,AA,AA,AA,AA,AA,AA,AA,AA,AA,AT,AT,AA,AA,AA,AT,AA,AT,AA,TT,AA
id11009117,CC,CC,CC,AA,AA,--,CC,CC,CC,AA,AC,CC,AA,AA,AA,CC,CC,CC,CC,CC,AA
TBGI336614,GG,GG,GG,GG,GG,AA,GG,GG,GG,GG,GG,GG,GG,GG,AA,GG,GG,GG,GG,AA,GG
TBGI045728,AA,AA,AA,AA,AA,AA,AA,AA,AA,AG,AA,AG,AA,AA,AA,AG,AA,AA,AG,AA,AA
TBGI131862,GG,AG,AG,--,GG,AG,GG,GG,GG,AG,AG,AG,GG,GG,AG,GG,AG,AG,GG,AA,GG
id3017784,GG,GG,GG,GG,GG,GG,GG,GG,GG,GG,AG,GG,GG,GG,AA,GG,GG,--,GG,AA,GG
TBGI068981,GG,GG,GG,GG,GG,--,GG,GG,GG,GG,GG,GG,GG,GG,GG,GG,GG,AG,GG,AA,GG
id12008285,AA,AA,CC,AA,AA,AA,AA,AA,AA,AA,CC,CC,AA,AA,AA,CC,AA,AA,CC,AA,AA
TBGI034161,AA,AA,AA,GG,AA,AA,AA,AA,AA,AA,AG,AA,AA,GG,--,AG,AA,AG,AA,AA,GG
id4010396,AA,AA,AA,AA,GG,AA,AG,AG,AA,AG,AA,AA,AA,AA,AA,AA,AA,AA,AA,GG,AA
TBGI118861,GG,GG,GG,GG,GG,GG,GG,GG,GG,AG,GG,GG,GG,AG,GG,GG,AA,GG,GG,GG,GG
id1020631,AG,AG,AG,AA,AA,AG,AA,GG,AG,AG,AG,AG,AG,AG,AG,AG,AA,GG,AA,AA,AG
TBGI187728,AA,AA,AA,AA,--,GG,GG,AA,AA,AA,AA,AA,AA,GG,AA,AA,AA,AG,AA,GG,AA
TBGI272494,AG,AG,AG,AG,AG,AG,AG,AG,AG,AG,AG,AG,AG,AG,AG,AG,GG,--,GG,AG,GG
id10002943,CC,CC,AA,AA,CC,AA,AA,AA,CC,AC,AC,AC,CC,CC,AA,AA,AA,AA,CC,CC,AA
TBGI138276,AA,AA,AA,AA,AA,AA,AA,AA,AA,AA,AT,AT,AA,AA,AA,AT,AA,AA,TT,TT,AA
TBGI117483,AA,AA,AA,AA,AA,AA,AA,AA,AA,AA,AG,AA,AA,AA,AA,AA,AA,AA,AG,GG,AA
id2016584,GG,GG,GG,AA,AA,GG,AA,AA,GG,AG,AG,AG,AA,GG,GG,AG,AG,GG,AA,AA,GG
id1006954,GG,GG,GG,GG,GG,GG,GG,AA,GG,GG,GG,GG,GG,GG,GG,GG,GG,GG,GG,AA,AA
TBGI038127,AA,AA,AA,AA,GG,GG,--,AG,AA,AA,AA,AA,AA,AA,AA,AA,AA,GG,AA,AG,AA
TBGI069192,CC,CC,CC,CC,CC,CC,CC,CC,CC,CC,CC,AC,CC,CC,CC,AC,CC,CC,CC,AA,CC
id9006377,AA,AA,AA,AA,AA,CC,AA,AA,AA,AA,AC,AC,AA,CC,AC,AC,CC,AC,CC,AA,CC
id1020828,TT,TT,TT,AA,TT,TT,AA,TT,TT,TT,AT,TT,TT,TT,TT,TT,AA,TT,AA,AA,TT
id1013920,AA,AA,AA,TT,AA,TT,TT,TT,AA,TT,TT,AT,TT,TT,TT,AT,AA,AA,AA,AA,TT
TBGI118359,CC,CC,CC,CC,GG,CC,CC,CC,CC,--,CC,CG,CC,CC,CC,CG,GG,CC,GG,CC,GG
TBGI336611,AA,AA,GG,AA,AA,AA,GG,GG,AA,GG,GG,GG,GG,GG,AA,AG,GG,GG,GG,AA,AA
id12003066,GG,GG,GG,GG,GG,GG,GG,GG,GG,GG,GG,GG,GG,GG,AG,GG,GG,AG,GG,AA,GG
id6003403,AA,AA,AA,GG,GG,AA,GG,GG,AA,AG,AG,AA,GG,GG,AA,AA,AA,AA,AA,AA,AA
TBGI138313,GG,GG,GG,AA,AA,GG,AA,GG,GG,AG,GG,GG,AA,AA,AA,AA,GG,GG,GG,GG,AA
id2010624,GG,GG,CC,CC,CC,CC,GG,CC,GG,CG,CG,CG,GG,CC,GG,GG,GG,GG,CC,GG,CC
TBGI132039,AA,AA,AA,AA,AA,AA,AA,AA,AA,AA,AA,AA,AA,AA,AA,AA,AA,AA,AA,GG,AA
TBGI336701,GG,GG,GG,AG,GG,GG,GG,GG,GG,GG,GG,AG,GG,GG,GG,GG,GG,--,GG,AA,GG
id2012123,AA,AA,AA,AA,AA,AA,GG,AA,AA,AA,AA,AG,AA,AA,AA,AA,AA,AA,AA,AA,AA
TBGI264363,AA,AA,AA,AA,AA,AA,AA,AA,AA,AA,AA,AG,AA,AA,AA,--,AA,AA,AA,AG,AA
TBGI050805,GG,GG,GG,GG,GG,GG,GG,GG,GG,GG,AG,AG,GG,GG,GG,AG,GG,GG,GG,AA,GG
TBGI069088,AA,AA,AA,AA,AA,AA,AA,AA,AA,AA,AA,AG,AA,AA,AA,AG,AA,AA,AA,GG,AA
TBGI262990,GG,GG,AA,GG,AA,AA,GG,GG,GG,AG,AA,AG,AA,GG,GG,AG,AA,AA,GG,AA,AA
TBGI045696,AA,AA,AA,AA,AA,AA,AA,AA,AA,AA,AA,AT,AA,AA,AA,AT,AA,AA,AA,AA,AA
id8004692,AA,AA,AA,AA,AA,GG,AA,AA,AA,AA,AA,AA,AA,AA,AA,AA,AA,AA,GG,GG,AA
TBGI045500,AA,AA,AA,CC,CC,AC,CC,CC,AA,AA,AC,AC,AA,CC,AC,AC,CC,CC,CC,CC,CC
TBGI388885,GG,GG,GG,GG,GG,AA,AA,GG,GG,GG,AG,AA,GG,AA,GG,AA,AA,AG,AA,AA,AA
id2006621,GG,GG,GG,GG,AA,AA,GG,GG,GG,GG,AG,GG,GG,GG,AA,AG,AA,AA,GG,GG,GG
TBGI037737,AA,AA,AA,AA,CC,CC,AA,AA,AA,AA,AA,AC,AA,AA,AA,AC,CC,AA,AA,AA,AA
id11005447,AA,AA,AA,AA,AA,AA,AA,AA,AA,AA,AA,AG,GG,GG,AG,GG,AA,--,AA,AA,AA
id1002158,AA,AA,GG,AA,GG,GG,GG,GG,AA,AA,AA,AG,AA,GG,GG,GG,GG,GG,AG,GG,AA
id11008036,AA,AA,AA,GG,GG,AA,GG,GG,AA,GG,AG,AG,GG,AA,GG,AG,AA,AA,AA,AA,AA
id6001206,TT,TT,TT,AA,AA,TT,AT,AT,TT,AT,TT,AT,TT,AA,AA,AA,AA,AA,AA,AT,AA
id6012658,TT,TT,AA,TT,TT,AA,AA,AA,TT,AT,AA,AA,AA,TT,AA,AA,AA,AA,TT,TT,AA
id6012425,GG,GG,GG,AA,AA,AG,GG,GG,GG,AG,GG,GG,GG,AA,AG,AG,GG,GG,AA,AA,GG
id3007932,AA,AA,AA,AA,AA,AA,AA,AA,AA,AA,AA,AG,AA,AA,AA,AG,AA,AA,AA,GG,AA
id1021920,CC,CC,CC,CC,CC,AC,CC,CC,CC,CC,AA,AC,CC,CC,AC,AC,CC,CC,CC,AA,CC
id1012864,CC,CC,CC,CC,AA,AA,CC,CC,CC,CC,CC,AC,CC,CC,CC,AC,CC,CC,AA,AA,CC
id4001113,AA,AA,AA,AA,GG,AA,GG,AA,AA,AG,AG,AA,GG,GG,AG,AA,GG,AG,GG,GG,AA
id9004788,GG,GG,AA,AA,AA,AA,AA,GG,GG,AG,AG,AG,GG,AA,AA,AA,AA,AA,GG,AA,GG
TBGI116813,AA,AA,AA,AA,AA,AA,AA,AA,AA,AG,AA,AA,AA,AA,GG,AG,AA,AA,AA,AA,AA
id7000253,AA,AA,GG,AA,GG,AG,GG,GG,AA,AG,GG,GG,GG,AA,AG,AG,GG,AG,AA,AA,AA
TBGI136139,AA,AA,AA,AA,AA,AA,AA,AA,AA,AA,AC,AA,AC,AA,AA,AC,AA,AA,AC,AC,AA
id3001137,AA,AA,AA,AA,AA,CC,CC,AA,AA,AA,AA,AA,AA,AA,AA,AA,CC,AA,AA,CC,CC
TBGI334735,GG,GG,GG,GG,GG,GG,GG,GG,GG,GG,GG,GG,AA,GG,GG,GG,GG,GG,AA,GG,AA
TBGI336608,AA,AA,GG,GG,GG,GG,GG,GG,AA,GG,GG,AG,GG,GG,AG,AA,GG,GG,GG,GG,AA
id6009055,AA,AA,GG,GG,AA,GG,GG,GG,AA,AG,GG,GG,GG,AA,GG,AG,GG,GG,GG,GG,AA
id11001422,TT,AT,AT,TT,TT,TT,AA,TT,TT,TT,AT,AT,TT,TT,AT,AT,AA,AT,AT,AT,TT
id8006891,GG,GG,GG,AA,AA,GG,AA,GG,GG,GG,GG,GG,GG,GG,GG,GG,GG,--,AA,GG,GG
TBGI040822,GG,GG,GG,GG,GG,GG,GG,GG,GG,GG,GG,AG,GG,GG,GG,AG,GG,GG,GG,AA,GG
TBGI358188,GG,GG,GG,GG,GG,AA,GG,GG,GG,GG,GG,GG,GG,GG,GG,GG,GG,AG,GG,AA,GG
TBGI037684,AA,AA,AA,AA,GG,GG,AG,AG,AA,AA,AA,AA,AA,AA,AA,AA,GG,AA,GG,AG,AA
id7006093,AA,AA,AA,AA,AA,GG,AA,AA,AA,AG,AA,AA,AA,AA,GG,AA,AA,AA,AA,GG,AA
id4011259,GG,GG,GG,AA,AA,AA,GG,AA,GG,AG,AA,AA,AA,AA,AA,AA,AA,AA,AA,AA,AA
TBGI048522,AA,AA,AA,AA,AA,AA,AC,AC,AA,AA,--,AC,AA,AA,AA,AC,AA,AA,AA,CC,AA
id1003559,GG,AG,--,GG,GG,AA,AA,GG,GG,GG,GG,AG,GG,GG,AG,AA,GG,AG,AA,AA,GG
id6010489,AA,AA,AA,AA,AA,AA,AA,AA,AA,AA,AG,AA,AA,AA,AA,AA,AA,AA,AA,GG,AA
id6003829,CC,AC,CC,CC,CC,CC,CC,CC,CC,CC,AC,AC,AA,CC,AC,AC,AA,--,CC,AA,CC
id10001636,GG,GG,GG,CC,GG,CC,GG,GG,GG,CG,GG,GG,CC,CC,CC,GG,CC,--,GG,CC,CC
id6016755,AA,AA,AA,AA,AA,AA,--,AC,AA,AA,AC,AA,AA,AA,AA,AA,AA,AA,AA,AC,AA
id10002842,GG,GG,AA,AA,GG,GG,AG,AG,GG,AA,AG,AG,AA,AA,AA,AA,AA,AA,AA,AG,AA
TBGI045554,GG,GG,GG,GG,GG,GG,CC,CC,GG,GG,CG,CC,GG,GG,CC,CG,CC,CC,GG,CC,GG
TBGI037113,AA,AA,AA,AA,AA,TT,AA,AA,AA,AA,AA,--,AA,AA,AA,AT,AA,AA,AA,AA,AA
id3005216,AA,AA,AA,GG,GG,AA,GG,AA,AA,AG,AA,AA,GG,GG,GG,GG,AA,AA,GG,AA,GG
id1012048,GG,GG,GG,GG,GG,AA,GG,GG,GG,GG,GG,AG,GG,GG,GG,AG,GG,GG,AA,AA,GG
id4010382,GG,GG,GG,GG,AA,GG,GG,GG,GG,AG,GG,GG,GG,GG,GG,GG,GG,GG,GG,AG,GG
id4011696,CC,CC,CC,GG,GG,GG,GG,GG,CC,GG,GG,GG,GG,GG,GG,GG,GG,CC,GG,CC,GG
id1004109,GG,GG,GG,AG,AA,GG,AA,GG,GG,AG,AA,AG,GG,AA,GG,AG,AA,AA,AG,GG,AA
TBGI258545,TT,TT,TT,TT,TT,TT,TT,TT,TT,TT,AT,AA,TT,TT,TT,TT,TT,AA,TT,AT,TT
TBGI272458,CC,CC,CC,CC,CC,CC,CC,CC,CC,CC,CC,CC,CC,CC,CC,CG,GG,GG,GG,CC,GG
TBGI265306,CC,CC,CC,GG,GG,GG,CC,GG,CC,CG,CC,CC,GG,CC,GG,CG,CC,CC,GG,CC,CC
id9005502,AA,AA,AA,AA,AA,GG,AA,AA,AA,AA,AG,AG,AA,AA,AG,GG,AA,AG,AA,GG,AA
TBGI051356,AA,AA,AA,AA,AA,AA,AA,AA,AA,AA,AG,AG,AA,AA,AA,AG,AA,AA,AG,GG,AA
id9004100,GG,GG,GG,GG,GG,GG,GG,GG,GG,AG,GG,GG,GG,GG,GG,AG,AA,--,GG,GG,GG
id5014934,CC,CC,GG,CC,CC,GG,CC,CC,CC,--,CG,CG,CC,CC,GG,CG,GG,GG,GG,GG,CC
TBGI048315,CC,CC,CC,CC,CC,--,CC,CC,CC,CC,AC,AC,CC,CC,CC,AC,CC,CC,CC,AA,CC
id4000429,AA,AT,AT,AA,TT,TT,AA,--,AA,AT,AA,AA,TT,AA,AT,AA,TT,AT,TT,AA,AA
TBGI264012,AA,AA,GG,AA,AA,GG,AA,AA,AA,AG,AG,AG,AA,AA,GG,AG,GG,AA,AA,AA,GG
TBGI052052,AA,AA,AA,AA,AA,AA,AA,AA,AA,AA,AG,AG,AA,AA,AA,AG,AA,AA,AA,GG,AA
id3000492,GG,GG,GG,AG,AG,AG,GG,GG,GG,AG,AG,GG,AG,AG,GG,GG,AG,GG,AG,GG,AG
id7003047,AA,AA,AA,AA,AA,GG,AA,AA,AA,AA,AA,AA,AA,GG,GG,AG,GG,AA,AA,AA,GG
TBGI333914,AA,AA,AA,CC,AA,CC,CC,AA,AA,AA,AC,CC,AA,AA,AA,AC,AA,AA,AA,CC,AA
TBGI258256,GG,GG,GG,GG,GG,GG,GG,GG,GG,GG,AG,AG,GG,GG,GG,AG,GG,GG,GG,AA,GG
TBGI051947,GG,GG,GG,GG,GG,GG,GG,GG,GG,GG,AG,AG,GG,GG,GG,AG,GG,AG,GG,AA,GG
TBGI042776,GG,GG,GG,GG,GG,GG,GG,GG,GG,GG,AG,AG,GG,GG,GG,AG,GG,--,GG,GG,GG
TBGI135226,GG,GG,GG,GG,GG,GG,--,AG,GG,GG,GG,AG,GG,GG,GG,GG,GG,GG,GG,AG,GG
id12007629,AA,AA,AA,AA,AG,AA,GG,GG,AA,AG,AG,AG,GG,AA,GG,GG,GG,GG,GG,AA,AA
TBGI117267,CC,CC,CC,CC,CC,CC,CC,CC,CC,AC,AC,AC,CC,CC,AA,AA,CC,CC,CC,AA,CC
id7004205,GG,GG,GG,AA,GG,GG,GG,GG,GG,GG,AG,GG,GG,AA,GG,GG,GG,GG,AA,AA,GG
TBGI044843,AA,AT,AT,AA,AA,AA,AA,AA,AA,AA,AA,AT,AA,AA,AT,AT,AA,AT,AA,TT,AA
id9003980,CC,CC,CC,CC,CC,CC,CC,CC,CC,AC,CC,CC,AA,CC,CC,--,CC,CC,CC,AC,CC
id10000350,AA,AA,AA,AA,GG,GG,AA,AA,AA,AA,AG,AA,AA,AA,AA,AA,AA,AA,--,GG,AA
TBGI272554,AA,AA,AA,AA,AA,AA,AC,AA,AA,AA,AA,AA,AA,AA,AA,CC,CC,CC,CC,AC,CC
TBGI038495,TT,TT,TT,TT,AA,AA,TT,TT,TT,TT,TT,TT,TT,TT,TT,TT,TT,TT,TT,AA,TT
id3007604,GG,GG,GG,AA,AA,AA,AA,GG,GG,AG,GG,AG,AA,AA,AG,AG,GG,AA,AA,AA,AA
id3004888,GG,GG,GG,AA,AA,GG,AA,GG,GG,AG,GG,GG,AA,AA,AG,AG,GG,GG,AA,GG,GG
TBGI120561,GG,GG,GG,GG,CC,GG,CG,GG,GG,GG,GG,CG,GG,CC,GG,GG,CC,GG,CG,GG,CG
id3009534,GG,GG,GG,GG,GG,GG,GG,GG,GG,GG,GG,AG,GG,GG,GG,AG,GG,GG,GG,AA,GG
TBGI310576,AA,AA,AA,GG,GG,AA,GG,GG,AA,AG,AG,GG,GG,GG,GG,GG,AA,GG,GG,AA,AA
id2000405,--,GG,GG,GG,GG,AA,GG,AA,GG,GG,AG,GG,GG,GG,AG,AG,GG,GG,GG,AA,GG
id8001667,GG,GG,CC,GG,CC,CC,CC,GG,GG,CG,CG,CG,CC,GG,CG,CG,CC,CG,CC,CC,CC
TBGI041559,TT,TT,TT,TT,TT,TT,TT,TT,TT,TT,AT,AT,TT,TT,AT,AT,TT,TT,TT,AA,TT
id3011233,AA,AA,AA,AA,AA,GG,AA,AA,AA,AA,AA,AG,GG,AA,AA,AG,GG,AA,GG,GG,GG
id6016093,CC,CC,CC,CC,CC,CC,CC,CC,CC,CC,AC,CC,CC,CC,CC,CC,AC,CC,CC,AA,CC
TBGI336205,CC,CC,CC,CC,CC,AA,CC,CC,CC,AC,CC,CC,CC,CC,AA,CC,CC,CC,CC,AA,CC
TBGI268638,AA,AA,AA,AA,AA,TT,TT,AA,AA,AT,AT,AA,AA,TT,AA,AA,AA,TT,AA,TT,AA
TBGI133327,AA,AA,AA,AA,AA,AA,AA,AA,AA,AA,AA,AA,AA,AA,AG,AA,AA,AA,AA,GG,AA
TBGI052217,AA,AA,AA,AA,AA,AA,AA,AA,AA,AA,AG,AG,AA,AA,AA,AG,AA,AA,AA,GG,AA
TBGI138614,GG,GG,GG,GG,GG,GG,GG,GG,GG,GG,CG,CC,GG,GG,GG,CC,GG,--,GG,CC,GG
TBGI041392,AA,AA,AA,AA,AA,AA,AA,AA,AA,AA,AA,AG,AA,AA,AA,AG,AA,AG,AA,GG,AA
TBGI051623,AA,AA,AA,AA,AA,AA,AA,AA,AA,AA,AG,AG,AA,AA,AA,AG,AA,AA,AA,GG,AA
TBGI264343,GG,GG,AA,AA,AA,GG,GG,GG,GG,AG,AA,AG,AA,GG,AA,AG,AA,AA,GG,AA,AA
TBGI036744,AA,AA,AA,AA,AA,CC,AA,AA,AA,AA,AA,CC,AA,AA,AA,CC,AA,AA,CC,CC,AA
TBGI268646,AA,AA,AA,GG,GG,GG,GG,AA,AA,AG,AG,AA,AA,GG,AA,AA,GG,AG,GG,GG,AA
id8007709,AA,AA,AA,AA,AA,AA,GG,GG,AA,AG,AA,AA,AA,AA,GG,AG,GG,AG,AA,AA,GG
TBGI336599,GG,GG,AA,AA,AA,AA,AA,AA,GG,AA,AA,AA,AA,AA,AA,GG,AA,AA,AA,AA,GG
TBGI048670,AA,AA,AA,AA,AA,AA,AT,AA,AA,AA,AA,AA,AA,AA,AA,AA,AA,AA,AA,TT,AA
TBGI116571,CC,CC,CC,CC,CC,CC,CC,CC,CC,CC,CG,CC,CC,CC,CC,CC,CC,CC,CC,GG,CC
id8000575,GG,GG,GG,GG,GG,AA,GG,GG,GG,GG,GG,AG,GG,GG,GG,AG,GG,AG,GG,AA,GG
id12008328,AA,AG,GG,AA,AA,GG,AA,AA,AA,AA,GG,AG,AA,AA,AG,GG,AA,AG,GG,GG,AA
TBGI034233,AA,AA,AA,AA,TT,TT,--,TT,AA,TT,AT,TT,TT,AA,AA,AA,TT,AA,TT,TT,AA
TBGI336622,GG,GG,GG,GG,GG,AA,GG,GG,GG,GG,GG,GG,GG,GG,AA,GG,GG,GG,GG,AG,GG
id3006042,AA,AA,AA,AA,GG,AA,AA,AA,AA,AA,GG,GG,AA,AA,AA,AG,AA,AA,GG,GG,AA
TBGI096731,AA,AA,GG,AA,AA,AA,--,GG,AA,AA,AG,AG,AA,AA,AA,AA,AA,AA,AA,AG,AA
id5001534,AA,AA,AA,GG,GG,AA,GG,GG,AA,AG,AA,AG,GG,GG,GG,GG,GG,AA,AA,AG,AA
TBGI047008,AA,AA,AA,AA,GG,AA,GG,GG,AA,AA,GG,GG,AA,GG,GG,GG,GG,--,GG,GG,AA
TBGI336624,GG,GG,GG,GG,GG,AA,GG,GG,--,AG,AG,GG,GG,GG,AA,AG,GG,AG,AG,AA,GG
TBGI272551,AA,AA,AA,AA,AA,AA,AA,AA,AA,AA,AA,AA,AA,AA,AA,AG,GG,GG,GG,AA,GG
id6015421,GG,GG,GG,AA,AA,GG,AA,GG,GG,AG,AG,AG,AA,AA,GG,AG,AA,GG,AA,AA,GG
TBGI263906,AA,AA,AA,AA,GG,AA,AA,AA,AA,AG,AG,AG,GG,AA,AA,AG,AA,AA,AA,AA,AA
TBGI335391,AA,AA,AA,AA,AA,GG,GG,AA,AA,AA,AG,AG,GG,AA,GG,AG,AA,--,GG,GG,AA
TBGI035394,GG,GG,GG,GG,GG,AA,GG,GG,GG,GG,GG,AG,GG,GG,GG,AG,GG,AG,GG,AA,GG
TBGI136530,AA,AA,AA,GG,GG,AA,GG,AA,AA,GG,AA,AA,GG,GG,GG,AA,AA,AA,GG,GG,GG
TBGI336691,CC,CC,CC,CC,CC,AA,CC,CC,CC,CC,CC,CC,CC,CC,AA,CC,CC,CC,CC,CC,CC
TBGI038475,--,AC,AC,CC,CC,CC,CC,CC,AC,AC,CC,CC,CC,CC,AC,CC,CC,AC,CC,CC,AC
id7005331,AA,AA,AA,AC,AA,AA,AC,AA,AA,AA,AC,AC,AC,AA,AC,AC,AA,AA,CC,AA,AC
id2004711,AA,AA,GG,AA,AA,AA,GG,AA,AA,AA,AG,AG,AA,AA,AA,AA,AA,AA,GG,GG,GG
id6012236,TT,TT,TT,TT,AA,TT,TT,TT,TT,AT,TT,TT,TT,AA,TT,TT,TT,TT,TT,AA,TT
id6012487,AA,AA,AA,TT,TT,TT,AA,AA,AA,AT,AA,AA,AA,TT,AA,AA,AA,TT,TT,TT,TT
TBGI264950,CC,AC,AC,AC,CC,AC,CC,CC,CC,AC,CC,CC,CC,AC,AC,AC,CC,AC,CC,CC,CC
TBGI137370,GG,GG,GG,AA,AA,--,AA,GG,GG,AA,AG,AG,AA,AG,AA,AG,AG,AG,AA,GG,GG
id9003436,GG,GG,GG,GG,GG,AA,GG,GG,GG,GG,AG,--,GG,GG,GG,GG,GG,GG,GG,GG,GG
TBGI042492,GG,GG,GG,GG,GG,GG,GG,GG,GG,GG,GG,AG,GG,GG,GG,AG,GG,GG,GG,AA,GG
TBGI137611,AA,AA,AA,TT,TT,AA,TT,AA,AA,AT,--,AA,TT,TT,TT,AT,AT,AA,TT,AA,AA
TBGI049064,AA,AA,AA,AA,AA,AA,AA,AA,AA,AA,AG,AG,AA,AA,AA,AG,AA,AA,AA,GG,AA
TBGI272509,AA,AA,AA,AA,AA,AA,AA,AA,AA,AA,AA,AA,AA,AA,AA,AA,AA,--,AA,AA,GG
TBGI129566,AA,AA,AA,AA,AA,AA,AA,AA,AA,AA,AA,AA,GG,AA,AA,AA,AA,AA,AA,GG,AA
TBGI033918,AA,AA,AA,AA,AA,AA,CC,AC,AA,AA,AA,AA,AC,AA,AC,--,AA,AC,AA,AC,AC
id1002308,AA,AA,AA,AA,GG,GG,GG,GG,AA,AA,AA,AG,AA,AA,AA,GG,AA,AA,GG,AA,AA
TBGI336541,GG,GG,AA,GG,GG,AA,AA,AA,GG,AA,AA,--,AA,AA,AA,AG,AA,AA,AA,AA,GG
id7003748,AA,AA,AA,AA,AA,GG,GG,AA,AA,AA,AG,AA,AA,GG,GG,AG,GG,AA,AA,GG,GG
TBGI137760,CC,CC,CC,CC,AA,CC,AA,CC,CC,AA,CC,CC,AA,AA,CC,CC,CC,CC,AA,CC,CC
TBGI069026,AA,AA,AA,AA,AA,AA,AA,AA,AA,AA,AA,AG,AA,AA,--,AG,AA,AA,AA,GG,AA
id1011568,GG,GG,GG,AA,GG,GG,GG,AA,GG,AG,AG,GG,GG,AA,AA,AG,GG,AA,AA,GG,AA
id1012666,AA,AA,AA,GG,AA,AA,GG,GG,AA,GG,GG,AG,GG,AA,GG,AG,GG,AG,GG,AA,GG
id8002314,AA,AA,CC,CC,AA,CC,CC,CC,AA,AA,AC,AC,AA,AA,AA,AA,CC,AC,AA,CC,AA
id5004295,GG,GG,GG,GG,AA,AA,GG,GG,GG,AG,AA,AG,AA,AA,GG,GG,GG,GG,GG,--,AA
TBGI128877,CC,CC,AA,CC,CC,CC,CC,CC,CC,AC,AC,AC,CC,CC,AC,AC,CC,--,CC,AA,CC
id7002907,AA,AA,AA,GG,AA,AA,AA,AA,AA,AA,AA,AA,AA,GG,AA,AA,GG,AA,GG,AA,GG
TBGI310677,GG,GG,GG,GG,GG,AG,GG,GG,GG,GG,AG,GG,GG,GG,AG,--,GG,GG,GG,AA,GG
id1019229,AA,AA,AA,AA,AA,AA,AA,AA,AA,AA,AG,AG,AA,AA,AA,AG,AA,AA,AA,AA,AA
TBGI268532,GG,GG,GG,GG,--,AA,AA,GG,GG,AG,AG,AG,GG,AA,AG,AG,GG,AA,GG,AA,GG
id2002229,AA,AA,CC,CC,CC,CC,CC,CC,AA,AA,AC,AC,AA,AA,AA,AC,AA,AC,AA,AA,AA
TBGI035103,AA,AA,AA,AA,GG,GG,AA,AA,AA,AA,AA,AG,AA,AG,AA,AG,AA,AA,GG,GG,AA
id6002291,AA,AA,AA,AA,AA,AA,AA,AA,AA,AA,AA,AA,AA,AA,AA,AA,CC,CC,CC,AA,CC
TBGI069110,AA,AA,AA,AA,AA,AA,AA,AA,AA,AA,AA,AG,AA,AA,AA,AG,AA,AA,AA,AA,AA
id9002721,AA,AA,AA,AA,GG,GG,AA,AA,AA,AG,AA,AA,GG,GG,AA,AG,AA,--,AA,AA,AA
id1025153,GG,GG,GG,GG,GG,GG,GG,GG,GG,GG,GG,AG,GG,GG,GG,AG,GG,AG,GG,AA,GG
TBGI264115,AA,AA,AA,AA,AA,AA,AA,AA,AA,AA,AC,AC,AA,AA,AA,AC,AA,AA,AA,AA,AA
id7006185,AA,AA,AA,AA,AA,GG,AA,AA,AA,AA,AA,AA,AA,AA,AA,AA,AA,AA,AA,GG,AA
id8001477,AA,AA,AA,CC,AA,AA,AA,AA,AA,CC,AC,AA,AA,AA,AC,AA,CC,--,CC,AA,CC
TBGI050694,AA,AA,AA,AA,AA,AA,AA,AA,AA,AA,AG,AG,AA,AA,AA,AG,AA,AA,--,GG,AA
TBGI268529,CC,CC,CC,CC,CC,AA,AA,CC,CC,AC,AC,CC,CC,AA,CC,CC,CC,AA,CC,AA,CC
id5006470,AA,AA,AA,AA,AA,CC,CC,CC,AA,AA,AA,AC,AA,AA,CC,CC,AA,CC,AA,CC,AA
TBGI117774,AA,AA,AA,AA,AA,AA,AA,AA,AA,AA,AG,AA,AA,AA,AA,AA,AA,AA,AA,GG,AA
TBGI044880,AA,AA,AA,AA,AA,GG,AA,AA,AA,AA,AA,AG,AA,AA,AA,AG,AA,AA,AA,GG,GG
id8005525,AA,AA,AA,GG,GG,GG,AA,AA,AA,AA,AG,AG,AA,AA,AA,AG,AA,AA,AA,AA,GG
id12005677,AA,AA,AA,CC,CC,AA,CC,CC,AA,CC,AA,AA,CC,CC,CC,AC,CC,CC,AC,AA,AA
TBGI036522,GG,GG,GG,--,AA,AA,GG,GG,GG,AG,AG,AA,AA,AG,AA,AA,AA,AG,AA,AA,AA
TBGI046941,AA,AA,AA,AA,AA,AA,AA,AA,AA,AA,GG,GG,AA,AA,AA,AG,AA,AA,AA,GG,AA
TBGI133411,AA,AA,AA,CC,AC,AC,CC,CC,AA,AA,AA,AA,AA,AA,AA,AA,CC,AA,AA,AA,CC
id5014338,GG,GG,GG,GG,GG,AA,GG,AA,GG,GG,AG,AG,GG,GG,GG,AG,GG,GG,GG,AA,GG
id4005342,AC,AC,AC,AC,AC,AC,CC,CC,AC,AC,CC,CC,AC,AC,AC,AC,AC,AC,AC,CC,CC
id1022207,GG,GG,GG,GG,GG,GG,GG,GG,GG,GG,AG,GG,GG,GG,GG,GG,GG,GG,GG,AA,GG
id4005867,AA,AA,AA,AA,AG,AA,AA,GG,AA,AG,GG,AG,GG,AA,AA,AA,AA,GG,AA,GG,AA
TBGI132884,AA,AA,AA,AA,AA,AA,AA,AA,AA,AA,AA,AA,AA,AA,AA,AA,AA,AA,AA,TT,AA
id12005302,AA,AA,GG,AA,AA,GG,AA,AA,AA,AA,--,AG,AG,AA,AA,AG,GG,AA,GG,GG,AA
TBGI051071,AA,AA,AA,AA,AA,AA,AA,AA,AA,AA,AG,AG,AA,AA,AA,AG,AA,AG,GG,GG,AA
TBGI268447,AA,AA,AA,AA,AA,CC,CC,AA,AA,AC,AC,AA,AA,CC,AA,AA,CC,AC,AA,CC,AA
TBGI332396,AA,AA,AA,AA,AA,AA,AG,AG,AA,AA,AA,AA,AA,AA,AG,AA,AA,AA,AA,AG,AA
id7004719,CC,CC,CC,CC,CC,CC,CC,CC,CC,CC,AC,CC,CC,CC,CC,CC,AC,CC,CC,AA,CC
TBGI133915,AA,AA,AA,AA,AA,AA,AA,AA,AA,AA,AA,AA,AA,AA,AA,AA,AA,AA,AA,GG,GG
id9001029,CC,CC,CC,GG,GG,GG,CC,CC,CC,GG,CG,CC,GG,GG,GG,CC,CC,CC,CC,CC,CC
TBGI457167,GG,GG,GG,GG,GG,GG,AA,GG,GG,GG,GG,GG,GG,GG,GG,GG,AA,GG,GG,AA,AA
id12003862,CC,CC,CC,AA,AA,AA,CC,CC,CC,CC,AC,CC,AC,CC,CC,CC,CC,CC,CC,AC,CC
id1013342,AA,AA,AA,AA,AA,AA,AA,AA,AA,AA,AA,AA,AA,AA,AA,AA,AA,AG,GG,AA,AA
TBGI051917,CC,CC,CC,CC,AA,AA,CC,CC,CC,CC,CC,CC,CC,CC,CC,CC,CC,CC,AA,CC,AA
TBGI041581,AA,AA,AA,GG,GG,GG,GG,AA,AA,AA,AG,AG,AA,AA,GG,AG,AA,GG,GG,GG,GG
id5002528,CC,CC,CC,AA,CC,CC,AA,AA,CC,AA,CC,CC,AA,CC,AA,AC,AA,AA,CC,CC,AA
TBGI034022,GG,GG,GG,--,GG,GG,GG,GG,GG,AG,GG,GG,GG,AA,GG,GG,GG,GG,GG,GG,GG
TBGI038915,AA,AA,AA,GG,GG,AA,GG,GG,AA,AG,AG,AG,AA,GG,AA,AA,AA,--,AA,GG,AA
TBGI040116,AA,AA,AA,AA,TT,TT,AA,TT,AA,AT,AT,AT,TT,AA,TT,TT,AA,TT,AA,TT,TT
TBGI038968,TT,AT,TT,AA,TT,AA,AA,AA,AT,AA,AA,AA,AA,AA,AT,AA,AA,--,TT,AA,AA
TBGI272477,GG,GG,GG,GG,GG,GG,GG,GG,GG,GG,GG,GG,GG,GG,GG,GG,AA,AA,AA,GG,AA
TBGI117863,GG,GG,GG,GG,GG,GG,GG,GG,GG,GG,AG,GG,GG,GG,GG,GG,GG,GG,GG,AA,GG
id10006100,CC,CC,AA,CC,AA,CC,AA,CC,CC,AC,AC,AA,CC,AA,AA,AA,CC,AA,AA,CC,AA
id10006161,CC,CC,CC,AA,CC,AA,CC,AA,CC,AC,AC,AC,AA,CC,CC,AC,AA,CC,CC,AA,AA
TBGI034307,GG,GG,GG,AA,GG,AG,GG,GG,GG,GG,AG,AG,GG,AG,AA,AA,GG,AA,GG,AG,AA
TBGI037946,GG,GG,GG,GG,GG,GG,GG,GG,GG,GG,GG,GG,GG,GG,AA,--,GG,AA,GG,GG,GG
id8007977,AA,AA,AA,AA,AA,AA,GG,GG,AA,AG,AA,AA,AA,AA,AA,AA,GG,AG,AA,AA,GG
TBGI129764,AA,AA,AA,AA,AA,AA,AA,AA,AA,AA,AA,AA,AA,AA,AA,AA,AA,AA,AA,GG,AA
id9002640,AA,AA,AA,AA,AA,CC,CC,AA,AA,AA,AA,AC,AA,AA,AA,AC,AA,AA,AA,CC,AA
id10000028,AA,AA,AA,AG,AA,GG,GG,GG,AA,AA,AA,AG,GG,AA,AA,AG,AA,AA,AA,AA,AA
TBGI045883,AA,AA,AA,AA,AA,CC,--,AA,AA,AA,AA,AA,AA,AA,AA,AA,AA,AA,AA,CC,CC
id6016490,CC,CC,CC,AA,AA,CC,AA,AA,CC,AC,AC,AA,AA,AA,AA,AA,AA,AA,AA,CC,CC
TBGI258363,AG,AG,AG,AG,AG,AG,AG,AG,AG,AG,AA,AA,AG,AG,AG,AA,AG,AG,AG,AA,AG
TBGI263334,AA,AA,AA,AA,AA,AA,AA,AA,AA,AA,AA,AG,AA,AA,AG,AG,AA,AG,AA,AA,AA
TBGI050092,GG,GG,GG,GG,GG,GG,GG,GG,GG,GG,AG,AG,GG,GG,AG,AG,GG,AG,AA,AG,GG
TBGI358047,GG,GG,GG,GG,GG,AA,GG,GG,GG,AG,GG,GG,GG,AG,GG,GG,GG,GG,GG,AA,GG
id3002805,AA,AA,AA,AA,AA,GG,AA,AA,AA,AA,AA,AA,AA,AA,AA,AA,GG,AA,AA,AA,AA
TBGI268550,AT,AA,AA,AA,AA,TT,TT,AA,AA,AT,AT,AA,AA,TT,AT,AA,AA,--,AA,TT,AA
TBGI036627,AA,AA,AA,TT,AA,TT,TT,TT,AA,AT,AT,TT,AA,TT,AA,AT,AA,TT,TT,TT,AA
TBGI120421,CC,CC,CC,CC,CC,CC,CG,CC,CC,CC,CG,CC,CC,CC,CC,CC,CC,CC,CC,GG,CC
TBGI044426,TT,TT,TT,TT,TT,TT,TT,TT,TT,TT,TT,AT,TT,TT,TT,AT,TT,TT,TT,AA,TT
TBGI332546,GG,GG,GG,GG,GG,GG,GG,AA,GG,GG,GG,GG,GG,GG,AA,AG,GG,GG,GG,GG,AA
id11009168,GG,GG,GG,GG,--,AA,GG,GG,GG,AG,AG,GG,AG,GG,GG,GG,GG,GG,AG,GG,GG
id11005646,CC,CC,CC,CC,CC,GG,CC,GG,CC,GG,CG,CC,CC,CC,CG,CC,CC,CC,GG,CC,GG
id6000134,AA,AA,AA,AA,AA,AA,AA,AA,AA,AG,AA,AA,GG,AA,AA,AA,AA,AA,AA,AA,GG
id1001973,AA,AA,GG,AA,GG,GG,GG,GG,AA,--,AA,AA,AA,GG,GG,AG,GG,GG,GG,GG,AA
id10006328,AA,AA,AA,GG,AA,AA,AA,GG,AA,AA,AA,AG,GG,AA,AA,AG,GG,AA,GG,AA,AA
TBGI036892,GG,GG,GG,GG,GG,GG,GG,GG,GG,AG,AG,GG,AA,GG,AA,AG,AA,GG,GG,GG,AA
TBGI268636,GG,GG,GG,AA,AA,AA,AA,GG,GG,AG,AG,AG,GG,AA,--,GG,AA,AG,AA,AA,GG
TBGI135819,AA,AA,AA,AA,AA,AA,AA,AA,AA,AA,AA,AA,AA,AA,AA,AA,AA,AA,GG,AA,GG
id8000131,AA,AA,AA,AA,AA,AC,AA,AA,AA,AA,AA,AC,AA,AA,AA,AC,AA,AA,AA,CC,AA
TBGI272620,AA,AA,AA,AA,AA,AA,GG,AA,AA,AA,AA,AA,GG,AA,AA,AG,GG,GG,GG,AA,GG
id11003531,GG,GG,GG,GG,GG,GG,AA,GG,GG,GG,GG,GG,GG,GG,AG,GG,GG,GG,GG,AA,GG
TBGI037297,AA,AA,AA,AA,GG,AA,AA,AA,AA,AA,AA,AA,AA,AA,AA,AA,AA,AA,GG,GG,AA
id8003220,CC,CC,CC,AA,CC,AA,AA,AA,CC,CC,CC,CC,AA,CC,AA,CC,CC,AA,CC,CC,AA
TBGI263801,CC,CC,CC,CC,CC,CC,CC,CC,CC,CC,CC,CG,CC,CC,CC,CG,CC,CC,CC,CC,CC
id11009930,TT,TT,TT,AA,AA,TT,TT,TT,TT,AA,TT,TT,AA,AA,AT,TT,AA,TT,AA,AT,TT
TBGI127437,AA,AA,AA,AA,AA,AA,AA,AA,AA,AA,AA,AA,AA,AA,AA,AA,AA,AA,AA,GG,AA
id3012786,AA,AA,AA,AA,AA,AA,AA,AA,AA,AA,AA,AA,AA,TT,AA,AA,AA,--,TT,AA,TT
TBGI048097,CC,--,CC,CC,CC,CC,CC,CC,CC,CC,AC,AC,CC,CC,AC,AC,CC,AC,CC,CC,CC
id1015467,AA,AA,AA,AA,AA,AA,AG,AG,AA,AA,AA,AA,AA,AA,AA,AA,AA,AA,AA,AG,AA
TBGI130477,AA,AA,AA,AA,AA,AA,AA,AA,AA,AA,AA,AA,AA,AA,AA,AA,AA,AA,AA,GG,AA
TBGI047286,AA,AA,AA,AC,AA,AA,AC,--,AA,AC,AC,AC,AA,AA,AA,AC,AC,AC,AA,CC,AA
id8007252,AA,AA,AA,AA,GG,AG,GG,GG,AA,AG,AA,AG,AA,AG,AA,AA,AA,AA,GG,GG,AA
id7006027,AA,AA,AA,AA,AA,TT,AA,AA,AA,AA,AA,AA,AA,AA,TT,AA,AA,AA,AA,TT,AA
id4004294,GG,GG,GG,GG,GG,AA,GG,GG,GG,AG,AG,AG,AA,AA,GG,AG,GG,GG,AA,AA,AA
id4004740,CC,CC,CC,AA,AA,AA,CC,AC,CC,AC,AA,AC,AA,CC,AA,AC,CC,AA,AC,CC,CC
id6013154,AA,AA,AA,AA,AA,AA,AT,AA,AA,AA,AA,AA,AA,AA,AA,AT,AA,AA,AA,TT,AA
TBGI271736,AA,AA,AA,AA,AA,AA,AG,AG,AA,AA,AG,AG,GG,AA,AA,GG,GG,GG,GG,AG,AA
id4004654,AA,AA,AA,GG,--,GG,AA,GG,AA,AG,AG,AG,AA,AA,GG,AG,AA,AG,AA,AA,AA
TBGI038997,GG,GG,GG,GG,GG,GG,GG,GG,GG,GG,GG,GG,GG,GG,AA,GG,AA,GG,GG,AA,GG
id2003393,GG,GG,AA,GG,GG,GG,AA,AA,GG,AG,GG,GG,AA,GG,AA,AG,AA,GG,GG,GG,AA
TBGI045573,GG,GG,GG,GG,GG,--,AA,AA,GG,GG,AG,AG,GG,AG,AA,AG,AA,AA,GG,GG,AG
TBGI041207,GG,GG,GG,GG,GG,GG,GG,GG,GG,GG,GG,AG,GG,GG,GG,AG,GG,GG,GG,AA,GG
id6016589,CC,CC,CC,GG,CC,GG,CC,CC,CC,CC,CC,CC,CC,CC,CC,CC,CC,CC,GG,GG,CC
id2007797,GG,AG,AG,GG,GG,GG,AA,AA,GG,GG,AG,AA,AA,GG,AA,AA,GG,AA,AA,AA,GG
id8002632,GG,GG,GG,GG,GG,GG,GG,AA,GG,GG,GG,GG,AA,GG,AA,GG,GG,AA,GG,GG,AA
TBGI138531,GG,GG,GG,GG,GG,GG,GG,GG,GG,GG,AG,AG,GG,GG,GG,AG,GG,GG,GG,AA,GG
id5001470,AA,AA,AA,GG,GG,AA,GG,GG,AA,AG,AA,AG,GG,GG,GG,AG,GG,AA,AA,GG,AA
TBGI268574,AG,AG,AG,GG,GG,AA,AA,GG,AG,AA,AA,AG,GG,AA,AG,AG,GG,AA,GG,AA,AG
id12001321,AA,AA,AA,AA,AA,AA,AA,AA,AA,AG,AA,AA,AA,AA,GG,AG,GG,GG,AA,AA,AA
TBGI047804,AA,AA,AA,AA,AA,CC,AA,AA,AA,AA,AC,AC,AA,AA,AA,AC,AA,AA,AA,CC,CC
id8000984,AA,AA,AA,GG,GG,AG,GG,GG,AA,AG,AG,AG,GG,GG,AA,AG,GG,--,GG,AA,AA
TBGI272488,TT,TT,TT,TT,TT,TT,TT,TT,TT,TT,TT,TT,TT,TT,TT,AT,AA,AA,AA,TT,AA
TBGI272585,AA,AA,AA,AA,AA,AA,GG,AA,AA,AA,AA,AA,GG,AA,AA,--,GG,AG,GG,AA,GG
TBGI137580,GG,GG,GG,AA,AA,GG,AA,GG,GG,AG,GG,GG,AG,AA,AA,AG,GG,GG,AG,GG,GG
id2010564,AA,AA,AA,AA,AA,AA,AA,AA,AA,AG,AG,AA,AA,GG,AA,AA,AA,AA,AA,AA,GG
TBGI263247,AA,AA,AA,AA,AA,AA,AA,AA,AA,AA,AA,AC,AA,AA,AA,AC,AA,AC,AA,AA,AA
TBGI336705,AC,AA,AA,AC,AC,CC,AC,AC,AC,AC,AC,--,AC,AC,CC,AA,AC,AA,AC,CC,AA
TBGI336589,GG,GG,AA,AA,AA,AA,AA,AA,GG,AA,AA,AA,AA,AA,AA,AA,AA,--,AA,AA,GG
TBGI272470,AA,AA,AA,AA,AA,AA,AA,AA,AA,AA,AA,AA,AA,AA,AA,--,GG,GG,GG,AA,AA
TBGI272457,CC,CC,CC,CC,CC,CC,CC,CC,CC,CC,CC,CC,CC,CC,CC,AA,AA,AA,AA,CC,CC
id9000183,TT,TT,TT,TT,TT,AT,AA,TT,TT,TT,TT,AT,TT,TT,TT,AA,TT,--,TT,TT,TT
id3000033,AA,--,GG,AA,AA,AG,AG,AG,AA,AG,AG,AG,AA,AA,GG,AG,AA,GG,AA,AG,AA
TBGI272662,AA,AA,AA,AA,AA,AA,GG,AA,AA,AA,AA,AA,GG,AA,AA,--,GG,AG,GG,AA,GG
id1024973,AA,AA,AA,AA,AA,AA,AA,AA,AA,AA,AA,AA,AA,AA,AA,AG,AA,AA,AA,GG,AA
TBGI332694,AA,AA,AA,AA,AA,GG,AA,AA,AA,AA,AG,AA,AA,AA,AA,AA,AA,AA,AA,GG,AA
id4002459,GG,GG,GG,GG,AG,AG,AG,GG,GG,GG,GG,AG,GG,GG,AG,AG,GG,--,GG,AG,GG
TBGI458055,CC,CC,CC,CC,CC,AA,CC,CC,CC,CC,CC,CC,CC,CC,AA,CC,CC,CC,CC,AA,CC
TBGI047630,GG,GG,GG,GG,GG,AG,GG,GG,GG,GG,AG,AG,GG,GG,AG,--,GG,AG,GG,GG,GG
TBGI047563,AA,AA,AA,AA,AA,AA,AA,AA,AA,AA,AG,AG,AA,AA,AG,AG,AA,AA,AA,AA,AA
TBGI257574,AA,AA,AA,GG,GG,GG,GG,GG,AA,GG,AG,AG,GG,GG,GG,AA,GG,AG,GG,AA,GG
id9007763,CC,CC,CC,AA,AA,AA,AA,AA,CC,AC,AC,AC,AA,AA,CC,AC,AA,AA,AA,AA,CC
TBGI049201,CC,--,CC,CC,CC,CC,CC,CC,CC,CC,CG,CC,CC,CC,CG,CC,CC,CG,CG,CC,CC
TBGI041095,AA,AA,AA,AA,AA,AA,AA,AA,AA,AA,AA,AT,AA,AA,AA,AT,AA,AA,AA,TT,AA
TBGI039016,AA,AA,AA,CC,AA,AA,AC,AC,AA,CC,CC,CC,CC,CC,AA,CC,AA,AA,AA,AA,CC
id6001011,CC,CC,CC,CC,CC,CC,AA,CC,CC,AC,AC,AC,CC,AC,CC,CC,CC,CC,CC,CC,CC
TBGI270080,AA,AA,AA,GG,GG,AA,AA,AA,AA,AA,AA,AA,AA,AA,AG,AA,GG,GG,GG,AA,GG
id1024836,CC,CC,CC,CC,CC,CC,CC,CC,CC,CC,CC,CC,CC,GG,CC,CC,CC,CC,GG,CG,CC
TBGI268611,TT,TT,TT,TT,TT,AA,AA,TT,TT,AT,--,AT,TT,AA,TT,AT,TT,AA,TT,AA,TT
TBGI117941,AA,AA,AA,AA,AA,AA,AA,AA,AA,AA,AG,AA,AA,AA,AA,AA,AA,AA,AA,GG,AA
TBGI039273,AA,AA,AA,GG,AA,GG,GG,GG,AA,GG,GG,AG,GG,GG,GG,GG,AA,AG,AA,AA,GG
TBGI264324,GG,GG,AA,AA,AA,GG,GG,GG,GG,AG,AA,GG,AA,GG,AA,AG,AA,AA,GG,AA,AA
id2001363,GG,GG,GG,GG,GG,AG,GG,GG,GG,GG,GG,GG,GG,GG,GG,GG,GG,GG,GG,AA,GG
TBGI133654,GG,GG,GG,GG,GG,GG,GG,GG,GG,GG,GG,GG,GG,GG,GG,GG,GG,GG,GG,AA,AA
id10002180,AA,AA,CC,AA,AA,AA,AA,AA,AA,AA,AC,AC,AA,AA,AA,AC,AA,CC,AA,CC,AA
TBGI269280,AA,AG,AA,AA,AA,AA,AG,AG,AA,AA,AA,AG,AG,AA,AG,AG,AA,AG,AA,AG,GG
TBGI043665,AA,AA,AA,AA,AA,AA,AA,AA,AA,AA,AA,AA,AA,GG,AA,AA,AA,AA,AA,AA,AA
TBGI049146,GG,GG,GG,GG,GG,GG,GG,GG,GG,GG,AG,AG,GG,GG,AG,AG,GG,GG,GG,AA,GG
id11010309,AC,AC,AC,AA,AA,CC,CC,AA,AC,AA,AC,--,AA,AA,AA,CC,CC,AC,AA,AA,AA
TBGI129095,AA,AA,AA,AA,AA,AA,AA,AA,AA,AA,AA,AA,AA,AA,AA,AA,AA,AA,AA,GG,AA
TBGI268633,GG,GG,GG,GG,GG,AA,AA,GG,GG,AG,AG,AG,GG,AA,GG,GG,GG,AA,GG,AA,GG
TBGI335079,AA,AA,AA,AA,AA,GG,GG,AA,AA,AA,AG,AG,AG,AA,AA,AG,AA,AA,GG,GG,GG
TBGI272492,AA,AA,AA,AA,AA,AA,AA,AA,AA,AA,AA,AA,AA,AA,AA,AC,CC,CC,CC,AA,CC
TBGI047239,GG,GG,GG,GG,GG,GG,GG,GG,GG,GG,AG,AG,GG,GG,GG,AG,GG,--,GG,AA,GG
id5013100,AA,AA,AA,AG,GG,AG,GG,AA,AA,AG,AA,AA,GG,AG,GG,AA,--,AG,GG,AA,AA
id6001535,AA,AA,AA,AA,AA,AA,AA,AA,AA,AA,AA,AA,CC,AA,AA,AC,CC,AA,CC,AA,CC
TBGI040340,GG,GG,GG,GG,GG,GG,GG,GG,GG,GG,GG,AG,GG,GG,GG,AG,GG,GG,GG,AA,GG
id9002966,CC,CC,CC,CC,CC,CC,AA,CC,CC,CC,CC,AC,CC,CC,CC,AC,CC,CC,CC,AA,CC
id9003471,CG,CG,CG,CG,CG,CG,CG,CG,CG,CG,CG,CG,GG,CG,CG,CG,CG,CG,CG,GG,CG
id11006140,AA,AA,AA,GG,AA,AA,GG,GG,AA,GG,AA,AA,GG,GG,AG,AA,AA,AG,GG,GG,AA
TBGI272478,AA,AA,AA,--,AA,AA,AA,AA,AA,AG,AA,AA,AA,AA,AG,AG,GG,GG,GG,AA,GG
id10003148,GG,GG,GG,AG,AG,GG,GG,GG,GG,GG,GG,GG,AG,AG,AG,GG,AG,GG,AG,AA,AG
TBGI044294,GG,GG,GG,GG,GG,GG,GG,GG,GG,GG,GG,AG,GG,GG,GG,GG,GG,GG,AA,AA,GG
id2016413,CC,CC,CC,CC,CC,AA,CC,CC,CC,CC,CC,CC,CC,CC,CC,CC,CC,CC,CC,CC,AA
TBGI046808,AA,AA,AA,AA,AA,AA,AA,AA,AA,AA,AC,AC,AA,AA,AA,AA,AA,AA,AA,CC,AA
TBGI035709,AA,AA,AA,AA,AA,GG,AA,AA,AA,AA,AA,AG,AA,AA,AA,AG,AA,AA,AA,GG,AA
TBGI135328,AA,AA,AA,AA,AA,AA,AA,AA,AA,AA,AA,AA,AA,AA,AA,AA,AA,AA,AA,AG,AG
TBGI036190,AA,AA,AA,AA,AA,GG,AA,AA,AA,AG,AG,AG,GG,AA,GG,AG,GG,AG,AA,GG,GG
TBGI136944,AA,AA,AA,AA,AA,AA,AA,AA,AA,AA,AA,AA,AA,AA,AA,AA,AA,AA,AA,TT,TT
TBGI138643,CC,CC,CC,CC,AA,CC,AA,CC,CC,AC,CC,AC,AA,AA,AA,AC,CC,AC,AA,CC,AA
id4007024,AA,AA,AA,AA,AA,AA,GG,GG,AA,AG,AG,AG,AA,AA,AA,AG,AA,AG,GG,GG,GG
TBGI406634,GG,GG,GG,GG,GG,AA,AA,AA,GG,AG,AG,AG,GG,GG,GG,AG,AA,AG,GG,AA,AA
TBGI136668,AA,AA,AA,GG,GG,AA,GG,AA,AA,AG,AA,AA,GG,GG,--,AA,AA,AA,GG,GG,GG
TBGI069982,AC,AC,AC,AC,AC,AA,AC,AC,AC,AA,AC,AC,AC,AC,AC,AC,AC,AC,AC,AC,AC
id3006493,AA,AA,AA,GG,GG,AA,GG,AA,AA,AG,AG,AG,AA,GG,AA,AA,AA,AA,GG,GG,GG
id10003620,AA,--,GG,GG,GG,GG,GG,AA,AA,AA,GG,AG,AA,AA,AG,GG,AA,AG,GG,GG,GG
TBGI256776,AA,AA,AA,GG,GG,GG,GG,GG,AA,GG,GG,AG,GG,GG,GG,AG,GG,GG,GG,AA,GG
id12009820,GG,GG,GG,AA,GG,AA,AA,GG,GG,GG,GG,GG,GG,GG,GG,GG,GG,GG,GG,AA,GG
TBGI035134,GG,GG,GG,GG,AA,GG,GG,GG,GG,GG,GG,GG,GG,AA,GG,GG,GG,GG,AA,GG,GG
id4005767,AA,AA,AA,AA,AA,AA,GG,AA,AA,AA,AA,AA,AA,AA,AA,AA,AA,AA,AA,GG,AA
TBGI096811,GG,GG,GG,GG,GG,GG,GG,GG,GG,GG,AG,GG,GG,GG,AA,AG,GG,--,GG,GG,GG
id9006421,CC,CC,CC,CC,CC,AA,CC,CC,CC,CC,AC,AC,CC,CC,AC,AC,CC,AC,CC,CC,CC
id11007840,GG,GG,GG,AA,AA,AA,GG,AA,GG,AA,GG,AA,AA,AA,AG,AA,AA,AG,AA,GG,AA
id9005089,AA,AA,AA,AA,AA,AA,AG,--,AA,AA,AA,AG,AA,AA,AG,AA,AA,AA,AA,GG,AA
id11007518,TT,TT,TT,TT,TT,TT,AT,TT,TT,TT,TT,AT,TT,TT,AT,AT,TT,TT,TT,AT,TT
TBGI272493,CC,CC,CC,CC,CC,CC,CC,CC,CC,CC,CC,CC,CC,CC,CC,AC,AA,AA,AA,CC,CC
TBGI270836,AA,AA,AA,TT,TT,TT,TT,TT,AA,AT,AT,AA,AA,TT,AT,AA,AA,AT,AT,TT,--
TBGI119054,AA,AA,GG,AA,AA,GG,AA,AA,AA,AA,GG,AA,AA,AA,AA,AA,GG,--,AA,GG,AA
TBGI044969,AA,AA,AA,AA,AA,GG,AA,AA,AA,AA,AA,AG,AA,AA,AA,AG,AA,AA,AA,GG,GG
TBGI039754,CC,AC,AC,CC,CC,AA,CC,AA,CC,AC,AA,AA,AA,CC,AA,AA,CC,AC,CC,CC,AA
TBGI116665,CC,CC,CC,CC,CC,CC,CC,CC,CC,CG,CC,CC,CC,CC,GG,CG,CC,CC,CC,CC,CC
TBGI044092,GG,GG,GG,GG,GG,GG,GG,GG,GG,GG,GG,AG,GG,GG,GG,AG,GG,GG,GG,AA,GG
TBGI189988,AA,AA,AA,AA,GG,GG,AA,GG,AA,AG,AG,AA,AA,AA,AG,AA,AA,AG,AA,AA,AA
TBGI138718,AA,AA,AA,AA,AA,AA,AA,AA,AA,AA,AA,AA,AA,AA,--,AA,AA,AA,AA,GG,AA
TBGI117415,AG,AA,AA,AA,AA,AA,AA,AA,AA,AA,AG,AA,AA,AA,AA,AA,AA,AA,--,GG,AA
id7000142,CC,CC,AA,CC,CC,AA,AA,AA,CC,AC,AA,AA,CC,CC,AC,AA,AA,AC,CC,AA,CC
id9002563,AA,AA,GG,GG,AA,GG,AA,GG,AA,AG,AG,AG,AA,AA,AG,AG,AA,AG,GG,AA,AA
TBGI336626,AA,AA,GG,AA,AA,AA,GG,GG,AA,GG,GG,AG,GG,GG,AA,AG,GG,GG,GG,AA,AA
id6002687,GG,GG,GG,AA,AA,AA,GG,AA,GG,AG,GG,GG,GG,AA,AA,GG,GG,GG,AA,AA,GG
id11011285,AA,AA,AA,GG,GG,AA,GG,AA,AA,GG,AA,AA,GG,GG,AA,AA,AA,AA,GG,AA,AA
id6000911,AA,AA,AA,GG,GG,GG,AA,AA,AA,AG,AA,AA,GG,AA,GG,AG,GG,GG,GG,GG,GG
TBGI332001,AA,AA,AA,AA,AA,AA,GG,AA,AA,AA,AA,AA,AA,AA,AA,AA,AA,AA,AA,GG,AA
TBGI041701,AA,AA,AA,AA,AA,AA,AA,AA,AA,AA,AA,AG,AA,AA,AA,AG,AA,AA,AA,GG,AA
TBGI272581,GG,GG,GG,GG,GG,GG,AG,GG,GG,GG,GG,GG,AA,GG,GG,GG,AA,AG,AA,GG,AA
id3015719,CC,CC,CC,CC,CC,CC,CC,CC,CC,CC,CC,AC,CC,CC,AC,AC,CC,CC,CC,CC,CC
TBGI128827,AA,AA,CC,AA,AA,AA,AA,AA,AA,AC,AC,AC,AA,AA,AA,AC,AA,AA,AA,CC,AA
TBGI068447,AA,AA,AA,AA,AA,AA,AA,AA,AA,AA,AA,AG,AA,AA,AA,AG,AA,AA,AA,GG,AA
TBGI042361,GG,GG,GG,GG,GG,GG,GG,GG,GG,GG,GG,AG,GG,GG,GG,AG,GG,GG,GG,AA,GG
TBGI272576,CC,CC,CC,CC,CC,CC,AA,CC,CC,CC,CC,CC,AA,CC,CC,AC,AA,AC,AA,CC,AA
id2008820,GG,GG,--,GG,GG,GG,AA,GG,GG,GG,GG,AG,AG,GG,AG,GG,GG,GG,GG,AA,GG
id7000384,GG,GG,AA,GG,GG,AA,AA,AA,GG,AG,AA,AA,GG,GG,GG,AA,AA,AA,GG,AA,GG
TBGI268599,TT,TT,TT,TT,TT,TT,AT,AT,TT,TT,TT,TT,TT,TT,--,AT,TT,TT,TT,TT,TT
id4005623,CC,CC,CC,CC,CC,CC,CC,CC,CC,CC,CC,CC,CC,CC,AC,CC,CC,--,CC,AA,CC
TBGI042882,AA,AA,AA,AA,AA,AA,AA,AA,AA,AA,AA,AG,AA,AA,AA,AG,AA,AA,AA,GG,AA
id9001156,AA,AA,AA,AG,AG,GG,GG,AA,AA,AG,AA,AG,AA,AG,AA,GG,--,AA,AG,GG,AA
id1025409,AA,AA,AA,TT,AA,AA,AA,AA,AA,AA,AA,AA,AA,TT,AA,AA,AA,AA,AA,TT,AA
id11010502,AG,AG,AG,AA,GG,GG,GG,GG,AG,AG,AG,GG,GG,AA,AG,GG,GG,GG,AA,AG,AG
id11006588,GG,GG,GG,GG,AA,AA,AA,GG,GG,GG,AG,AG,AA,GG,GG,AA,GG,GG,GG,AA,AA
TBGI035746,AA,AA,AA,AA,TT,TT,AA,AA,AA,AT,AT,--,TT,TT,TT,TT,TT,AT,TT,TT,TT
id7003702,GG,GG,GG,GG,GG,AA,AA,GG,GG,GG,AG,GG,GG,GG,GG,GG,AA,GG,GG,AA,AA
TBGI040797,AA,AA,AA,AA,AA,AA,AA,AA,AA,AA,AA,AG,AA,AA,AA,AG,AA,AA,AA,GG,AA
TBGI046658,AA,AA,AA,AA,AA,AA,AA,AA,AA,AA,GG,GG,AA,AA,AA,GG,AA,AA,AA,GG,AA
id3003839,AA,AA,AA,AA,AA,AA,AA,GG,AA,AA,AA,AA,AA,AA,AA,AA,GG,AA,GG,GG,GG
id7002801,AA,AA,AA,AA,AA,AA,GG,AA,AA,AG,AA,AA,AA,AA,AA,AA,AA,AA,AA,GG,GG
TBGI117043,GG,GG,GG,GG,GG,GG,GG,GG,GG,GG,CG,CG,GG,GG,CG,GG,GG,GG,GG,CC,GG
TBGI039299,GG,GG,GG,GG,GG,GG,GG,GG,GG,GG,GG,AG,GG,GG,AA,AG,GG,GG,GG,GG,GG
TBGI046273,GG,AG,AG,AG,GG,GG,GG,GG,GG,GG,AA,AA,GG,GG,AA,AA,GG,--,GG,AA,GG
id6002884,GG,GG,GG,AA,AA,AG,AA,AA,GG,AG,GG,AG,AA,AA,AA,GG,GG,GG,AA,AA,GG
TBGI034116,AA,AA,AA,TT,AA,AA,TT,TT,AA,TT,TT,AT,TT,TT,AT,AA,TT,AT,AA,AA,TT
TBGI336549,AA,AA,AA,AA,AA,TT,AA,AA,AA,AA,AA,AA,AA,AA,TT,AA,AA,AA,AA,TT,AA
TBGI135691,AA,AA,AA,AA,AA,AA,AG,AA,AA,AA,AA,AA,AA,AA,AA,AA,AA,AA,GG,AG,GG
id7005611,AA,AA,AA,CC,AA,CC,CC,AA,AA,AA,AC,CC,AA,AA,--,CC,AA,AC,CC,CC,AA
TBGI036687,GG,GG,GG,AA,AA,AA,AA,AA,GG,AA,AA,AA,AA,AA,AA,AA,AA,AA,AA,AA,AA
id1015302,AA,AA,AA,AA,AA,AA,AA,AA,AA,AA,AA,AC,AA,AA,--,AC,AA,AC,AC,AA,AA
TBGI050817,TT,TT,TT,TT,TT,TT,TT,TT,TT,TT,AT,AT,TT,TT,TT,AT,TT,AT,TT,AA,TT
TBGI272626,AA,AA,AA,AA,AA,AA,CC,AA,AA,AA,AA,AA,CC,AA,AA,AC,CC,CC,CC,AA,CC
id12004271,GG,GG,GG,GG,GG,GG,GG,GG,GG,GG,GG,AG,GG,GG,AG,AG,GG,GG,GG,AA,GG
id6006336,GG,GG,GG,CC,GG,CC,GG,CC,GG,GG,CC,GG,CC,GG,CC,CG,CC,CC,CC,GG,GG
id11007803,GG,GG,GG,AG,GG,GG,AA,GG,GG,GG,AG,AG,GG,GG,--,AG,AG,AG,GG,AA,GG
TBGI051591,CC,CC,CC,CC,CC,CC,CC,CC,CC,CC,AC,AC,CC,CC,CC,AC,CC,CC,CC,AA,CC
id6003373,GG,GG,GG,AA,GG,GG,GG,AA,GG,AG,AG,GG,GG,AA,AA,AG,AA,GG,AA,GG,AA
TBGI045373,AA,AA,AA,AA,AA,CC,AA,AA,AA,AA,AA,AC,AA,AA,AA,AC,AA,AA,AA,CC,CC
id2002914,CC,CC,CC,AC,CC,AA,AA,AA,CC,AC,AC,AC,AC,AC,AC,AC,CC,AC,CC,AA,AC
TBGI050968,AA,AA,AA,AA,AA,TT,AT,AT,AA,AA,AT,AA,AA,AA,AA,AA,AA,AA,TT,TT,TT
id1010973,CC,CC,CC,GG,CC,GG,CC,GG,CC,CG,CG,CG,CC,GG,GG,GG,CC,GG,CC,GG,GG
TBGI050339,CC,CC,CC,CC,AA,AA,AA,AA,CC,CC,AC,AC,CC,CC,AA,CC,AA,AA,CC,CC,AA
TBGI036661,AA,AA,AA,AA,AA,AA,AG,AA,AA,AA,AA,AA,AA,AA,AA,AA,AA,AA,AA,AG,AA
id4008092,TT,TT,TT,TT,TT,TT,TT,TT,TT,TT,TT,AT,TT,TT,TT,TT,TT,TT,AA,TT,TT
id12006801,AA,AA,GG,AA,AA,AG,AA,AA,AA,AA,GG,AG,AA,AA,AA,AA,AA,AA,AA,AA,AA
id4010708,AA,AA,AA,AA,GG,AA,AA,GG,AA,AG,AG,AG,AA,GG,GG,AA,AA,GG,GG,--,AA
TBGI456801,GG,GG,GG,GG,GG,GG,GG,GG,GG,GG,AG,AG,GG,GG,GG,AG,GG,AA,GG,GG,GG
TBGI197086,CC,CC,CC,AA,AA,AA,CC,AA,CC,AC,AA,AA,AA,CC,AA,AA,CC,AA,AA,CC,CC
TBGI272667,GG,GG,GG,GG,GG,GG,AA,GG,GG,GG,GG,AG,AA,GG,GG,AG,AA,AA,AA,GG,AA
id10002660,AA,AA,AA,AC,AA,CC,AA,AA,AA,AA,AA,AA,AA,--,AA,AA,AC,AA,AA,CC,AA
id7000337,AA,AA,GG,AA,AA,GG,GG,GG,AA,AG,GG,GG,AA,GG,AA,GG,GG,GG,AA,GG,AA
id3003697,GG,GG,GG,GG,GG,GG,GG,AA,GG,GG,GG,AG,GG,GG,GG,AG,GG,GG,GG,AA,AA
id10002779,AA,AA,GG,AA,AA,GG,GG,GG,AA,AG,AG,AG,AA,AA,--,GG,AA,GG,GG,AA,GG
id1022408,CC,CC,CC,GG,GG,CC,CC,CC,CC,GG,CG,CC,GG,CG,CC,CC,GG,CC,CC,GG,CC
TBGI336688,AA,AA,AA,AA,AA,GG,AA,AA,AA,AA,AA,AA,AA,AA,GG,AA,AA,AA,AA,AA,AA
TBGI272541,AA,AA,AA,AA,AA,AA,AA,AA,AA,AA,AA,AA,AA,AA,AA,AA,CC,--,CC,AA,CC
TBGI264054,AA,AA,AA,AA,GG,AA,AA,AA,AA,AG,AG,AA,GG,AA,AA,AA,AA,AA,AA,GG,AA
id4006683,GG,GG,GG,AG,GG,GG,AA,GG,GG,GG,GG,GG,AG,GG,AG,GG,GG,GG,GG,GG,AG
TBGI039141,AA,AA,AA,GG,AA,GG,GG,GG,AA,GG,GG,GG,GG,GG,GG,GG,AG,AA,AA,GG,GG
TBGI139207,AA,AA,AA,AA,AA,AA,AA,AA,AA,AA,AA,AA,AA,AA,AA,AA,AA,AA,AA,GG,AA
TBGI194169,AA,AA,AA,AA,AA,GG,GG,AA,AA,AA,AA,AA,AA,AA,AA,AA,AA,AA,AA,GG,AA
id12010152,GG,GG,GG,GG,GG,GG,GG,GG,GG,AG,GG,GG,GG,AA,AG,GG,GG,GG,GG,GG,AA
id12000266,AG,GG,GG,GG,AA,AG,GG,GG,GG,AG,AG,AG,GG,AG,AA,AG,AG,AG,GG,AA,AG
id7000063,GG,GG,GG,CC,CC,GG,--,GG,GG,CG,GG,GG,CC,CC,CC,GG,GG,GG,CC,GG,CC
TBGI118590,TT,TT,AA,AA,AA,AA,TT,AA,TT,AA,AT,AA,AA,TT,AA,AA,TT,AA,TT,TT,AA
TBGI257501,GG,GG,GG,AA,AA,AA,AA,AA,GG,AA,AG,AG,AA,AA,AA,AG,AA,AA,AA,GG,AA
TBGI049455,AA,AA,AA,AA,AA,AA,AA,AA,AA,AA,AG,AG,AA,AA,AA,AG,AA,AA,AA,GG,AA
TBGI118194,AA,AA,AA,AA,AA,AA,AA,AA,AA,AA,AT,AA,AA,AA,AA,AA,AA,AA,AA,TT,AA
id3004571,AA,AA,AA,GG,GG,AA,GG,AA,AA,AG,AA,AA,GG,GG,AG,AA,AA,AA,GG,GG,GG
TBGI043233,AA,AA,AA,AA,AA,AA,AA,AA,AA,AA,AA,AG,AA,AA,--,AG,AA,AG,AA,AA,AA
id1020667,GG,GG,GG,AA,GG,GG,AA,GG,GG,GG,AG,GG,GG,GG,GG,GG,AA,GG,GG,AA,GG
TBGI037635,CC,CC,CC,CC,CC,AA,CC,CC,CC,CC,CC,AC,CC,CC,CC,AC,AC,CC,CC,CC,CC
id6013720,CC,AC,AA,CC,CC,AA,CC,AC,CC,AC,AC,CC,CC,CC,CC,AC,CC,AC,AA,CC,AA
id2012558,GG,GG,GG,GG,AA,--,GG,GG,GG,AG,AG,GG,GG,GG,GG,GG,GG,GG,GG,GG,GG
id10002406,GG,GG,AA,GG,GG,AA,GG,GG,GG,GG,AG,AG,GG,GG,GG,AG,GG,AA,GG,AA,GG
id1005141,CC,CC,CC,CC,CC,CC,CC,CC,CC,CC,CC,CC,CC,CC,AC,CC,CC,AC,CC,AA,CC
id4010621,GG,GG,GG,GG,CG,GG,CG,CG,GG,CG,CG,CG,GG,CG,CG,GG,GG,CC,GG,CC,GG
TBGI129224,CC,CC,CC,CC,CC,CC,CC,CC,CC,CC,CC,CC,CC,CC,CC,CC,CC,CC,CC,GG,CC
id5001281,AA,AA,AA,AA,AA,AA,AA,GG,AA,AA,AA,AA,AA,AA,GG,AA,AA,AA,AA,AA,GG
id2016084,AC,--,CC,AC,CC,AA,CC,AA,AC,AC,CC,AC,AC,CC,AC,AC,AC,AC,AC,AC,AC
id2000835,CC,CC,AA,AC,CC,CC,--,AA,CC,CC,CC,CC,AC,AA,AC,AC,AA,AA,CC,AA,CC
TBGI096750,AA,AA,AG,AG,AA,AA,AA,AA,AA,AA,AG,AA,AA,AA,AG,AA,AA,AG,AA,AA,AA
id4007105,AA,AA,AA,GG,GG,AA,AA,AA,AA,GG,AG,AG,GG,AA,AA,AA,AA,AA,AA,AA,GG
TBGI271238,GG,GG,GG,GG,GG,GG,GG,GG,GG,GG,GG,GG,AA,GG,GG,AG,AA,AA,AA,GG,AA
TBGI046960,GG,GG,GG,GG,AA,GG,AA,AA,GG,GG,AA,AG,GG,AA,AA,AG,AA,AA,AA,AA,GG
TBGI033947,GG,GG,GG,AG,GG,AG,AG,AG,GG,AG,AG,AG,AG,AG,AG,AG,GG,AG,GG,AG,AG
TBGI404926,GG,GG,GG,GG,AA,GG,GG,GG,GG,GG,GG,GG,GG,GG,GG,GG,AA,--,GG,GG,GG
TBGI268607,AG,AG,AG,AG,AG,AG,AG,AG,AG,AG,AG,AG,AG,AG,AG,AG,AG,AG,AG,AG,AG
TBGI041960,AA,AA,AA,AA,AA,AA,AC,AA,AA,AA,AA,AC,AA,AA,AA,AA,AA,AA,AA,CC,AA
TBGI268607,AG,AG,AG,AG,AG,AG,AG,AG,AG,AG,AG,AG,AG,AG,AG,AG,AG,AG,AG,AG,AG
TBGI041960,AA,AA,AA,AA,AA,AA,AC,AA,AA,AA,AA,AC,AA,AA,AA,AA,AA,AA,AA,CC,AA
id8000876,GG,GG,GG,GG,GG,GG,GG,AA,GG,GG,GG,GG,GG,GG,GG,GG,AA,--,AA,AA,GG
TBGI036461,AA,AA,AA,AA,AA,GG,AG,AA,AA,AA,AG,AG,AG,AA,AA,AG,AA,AA,AG,GG,AG
TBGI272531,AA,AA,AA,AA,AA,AA,AG,AG,AA,AA,AA,AG,AA,AA,AG,AG,GG,AG,GG,AG,GG
id1005465,AA,AA,AA,AA,AA,AA,AA,AA,AA,AG,AG,AG,AA,GG,GG,AA,AA,AA,GG,AA,AA
TBGI036377,AA,AA,AA,AA,AA,AA,AA,AA,AA,AC,AC,AA,CC,AA,AC,AA,CC,AA,AA,AA,CC
TBGI116973,GG,GG,GG,GG,GG,GG,GG,GG,GG,AG,GG,GG,GG,GG,AA,AA,GG,GG,GG,GG,GG
id1026656,CC,CC,CC,CC,CC,AA,CC,CC,CC,CC,CC,CC,CC,CC,CC,CC,CC,CC,CC,AA,CC
TBGI038607,CC,CC,CC,AA,AA,--,AA,AA,CC,AC,AC,AA,CC,AA,CC,AC,AA,AA,AA,AA,CC
id8006511,AA,AA,AA,AA,AA,GG,AA,AA,AA,AA,AA,AA,AA,AA,AA,AA,AA,AA,AA,AG,AA
TBGI264429,GG,GG,GG,GG,GG,GG,GG,GG,GG,GG,GG,AA,GG,GG,GG,AA,GG,GG,GG,GG,GG
id12001224,AA,AA,AA,AA,GG,GG,AA,GG,AA,AG,AG,AG,AA,AA,AA,AG,AA,AA,GG,GG,GG
id12007720,AC,AC,AA,CC,AC,CC,AC,AC,AC,--,AC,CC,AC,CC,AC,CC,CC,AC,CC,CC,CC
9,AA,AA,GG,AA,AA,GG,GG,GG,AA,AG,GG,GG,AA,AA,GG,GG,AA,GG,AA,GG,AA
id5006236,AG,AG,AG,GG,GG,AA,GG,GG,AG,GG,GG,GG,GG,GG,GG,GG,GG,GG,GG,AG,GG
id5013307,TT,TT,TT,TT,TT,AT,TT,TT,TT,AT,TT,AT,TT,AT,AT,AT,AA,AT,TT,AA,TT
TBGI132813,AA,AA,AA,AA,AA,AA,AA,AA,AA,AA,AA,AA,AA,AA,--,AA,AA,AG,AA,GG,AA
id5003417,GG,GG,AA,GG,GG,AA,GG,GG,GG,GG,AA,AA,GG,AA,AA,AA,GG,GG,AA,GG,GG
id8002841,CC,CC,CC,CC,CC,CC,GG,GG,CC,CC,CC,CC,GG,CC,GG,CC,CC,GG,CG,CC,GG
id11007012,GG,GG,GG,AA,GG,GG,AA,GG,GG,GG,GG,AG,GG,GG,AG,AG,AA,GG,AA,AA,GG
TBGI045418,AA,AA,AA,AA,AA,AA,AA,AA,AA,AA,AA,AA,AA,AA,AA,AA,AA,AA,AA,GG,AA
TBGI186561,GG,AG,GG,AA,GG,GG,AA,AA,GG,AG,GG,GG,AA,GG,AG,AG,GG,--,GG,GG,AA
TBGI068412,TT,TT,TT,TT,TT,TT,TT,TT,TT,TT,TT,AT,TT,TT,TT,AT,TT,TT,TT,AA,TT
TBGI035316,CC,CC,CC,CC,AA,AA,CC,CC,CC,CC,CC,CC,CC,AA,CC,CC,CC,CC,AA,--,CC
TBGI128964,CC,CC,AA,CC,CC,CC,CC,CC,CC,AC,AC,AC,AA,CC,AC,AA,AA,AA,AA,CC,CC
id7004343,GG,GG,GG,CC,CC,CC,CC,GG,GG,CG,CG,CG,GG,CC,CG,CG,GG,--,CC,CC,GG
id6016918,AC,AC,AC,AA,AA,AC,AA,AA,AC,AA,AC,AC,AA,AA,AC,AC,AA,CC,AA,CC,AA
TBGI192444,GG,GG,GG,GG,GG,GG,GG,GG,GG,GG,GG,GG,GG,GG,GG,GG,GG,GG,AG,AA,GG
id4010924,AA,AA,AA,GG,AA,AA,AA,AA,AA,AA,GG,AG,GG,AA,AA,AG,GG,AA,AA,AA,GG
TBGI405262,CC,CC,GG,CG,GG,CG,GG,GG,CC,CC,GG,CG,CC,CC,--,CG,CC,CG,GG,GG,GG
TBGI270184,GG,GG,GG,CC,CC,CC,CC,CC,GG,CG,CG,CG,CC,CC,CC,CG,CC,GG,CC,CC,CC
TBGI457013,AA,AA,AA,AA,AA,AA,TT,AA,AA,AA,TT,AT,AA,AA,AA,AT,TT,TT,AA,AA,AA
id6006627,GG,GG,GG,AG,GG,AG,GG,GG,GG,AG,AG,GG,GG,AG,--,GG,AG,GG,GG,GG,GG
TBGI129844,GG,GG,CC,CC,CC,GG,CC,GG,GG,CC,CC,CC,CC,CC,GG,CG,GG,GG,GG,CC,GG
id1004591,GG,GG,GG,AA,--,AA,AA,GG,GG,AG,AA,AA,GG,AA,AA,GG,AA,GG,AA,AA,AA
id7002758,CC,CC,CC,CC,CC,AA,AA,CC,CC,CC,CC,CC,CC,CC,CC,CC,CC,CC,CC,AA,AA
TBGI051184,CC,CC,CC,CC,CC,CC,CC,CC,CC,CC,CC,CC,CC,CC,AC,AC,CC,--,AA,CC,CC
TBGI069137,AA,AA,AA,AA,AA,AA,AA,AA,AA,AA,AA,AG,AA,AA,AA,GG,AA,--,AA,GG,AA
TBGI043835,AA,AA,AA,AA,AA,AA,AA,AA,AA,AA,AA,GG,AA,AA,AG,GG,--,AG,AG,GG,AA
TBGI336735,CC,CC,CC,CC,CC,AA,CC,CC,CC,CC,CC,CC,CC,CC,AA,CC,CC,CC,CC,CC,CC
TBGI268637,AA,AA,AA,GG,GG,GG,GG,AA,AA,AG,AG,AA,AA,GG,AA,AA,GG,GG,GG,GG,AA
TBGI044462,TT,--,TT,TT,TT,AA,TT,TT,TT,TT,TT,AT,TT,AA,TT,AT,TT,TT,TT,AA,TT
id10000498,AA,AA,AA,CC,AA,AA,CC,CC,AA,AA,AA,AA,AA,AA,CC,AC,CC,AA,CC,CC,CC
id6004029,AA,AA,AA,AA,GG,AA,AA,AA,AA,AA,AG,AA,GG,AA,AA,AA,GG,--,AG,GG,AA
id5008723,GG,GG,GG,GG,GG,GG,GG,GG,GG,GG,GG,AG,GG,GG,GG,--,GG,GG,GG,AA,GG
TBGI119698,AA,AA,AA,AA,AA,AA,AA,AA,AA,AA,AC,AA,AA,AA,AA,AA,AA,AA,AC,CC,AA
id11010996,AA,AA,AA,CC,AA,AA,AA,CC,AA,AC,AA,AC,CC,CC,AA,AC,CC,AA,CC,CC,CC
id12006560,AA,AA,AA,AA,AA,GG,AA,GG,AA,AA,AG,AA,AA,AA,GG,GG,AA,GG,AA,GG,AA
TBGI041992,AA,AA,AA,AA,AA,AA,AA,AA,AA,AA,AA,AT,AA,AA,AA,AT,AA,AT,AA,TT,AA
id11008525,AA,AA,AA,GG,GG,GG,GG,GG,AA,GG,AG,AG,GG,GG,AG,AG,AA,AA,GG,GG,GG
TBGI038001,AA,AA,AA,GG,AA,AA,GG,GG,AA,AG,AG,GG,AA,GG,AA,AG,GG,AA,AA,AA,AA
id6000743,AA,AA,AA,GG,GG,AA,AA,AA,AA,AG,AA,AA,GG,AA,AA,AA,AA,AA,GG,GG,GG
TBGI458124,AA,AA,AA,AA,AA,GG,GG,AA,AA,AG,AA,AA,AA,AA,GG,AG,AA,AA,AA,GG,AA
id9002532,AA,AA,GG,AG,GG,AA,GG,GG,AA,AG,GG,AG,GG,GG,AG,AG,AG,GG,AA,AA,AA
TBGI263273,CC,CC,AA,CC,AA,AA,CC,CC,CC,AC,AA,AC,AA,CC,CC,AC,AA,CC,CC,AA,AA
id8001641,AA,AA,GG,AA,GG,GG,GG,AA,AA,AG,AG,AG,GG,AA,GG,AG,GG,GG,GG,AA,GG
id6003299,GG,GG,GG,GG,AA,GG,AA,GG,GG,GG,AG,AG,AA,GG,AA,AA,AA,AA,AA,GG,AA
id2007597,AA,AA,AA,AA,AA,AA,GG,GG,AA,AA,AA,AG,GG,AA,AG,AG,AA,GG,GG,AA,AA
id8005361,GG,GG,AA,GG,GG,GG,AA,AA,GG,AG,AG,AG,AA,GG,AA,AG,AA,AA,GG,AA,AA
id6010102,GG,GG,GG,GG,GG,GG,GG,GG,GG,GG,AG,GG,GG,GG,GG,GG,GG,GG,GG,AA,GG
TBGI332235,AA,AG,AG,AA,AA,GG,GG,GG,AA,AA,AG,AG,AG,AA,GG,AG,AA,GG,AA,AG,AA
TBGI190494,CC,CC,CC,CC,CC,AA,AA,CC,CC,CC,CC,CC,CC,CC,CC,CC,CC,CC,CC,CC,CC
TBGI335561,GG,GG,GG,CC,GG,GG,GG,GG,GG,GG,CG,CG,CC,GG,CC,CC,GG,GG,CC,GG,GG
TBGI129031,TT,TT,TT,TT,TT,TT,TT,TT,TT,TT,TT,AT,TT,TT,AT,AT,TT,--,TT,AA,TT
TBGI036993,CC,CC,CC,CC,CC,GG,CC,CC,CC,CG,CG,CG,GG,CC,GG,GG,GG,CC,CC,GG,GG
TBGI137716,AA,AA,AA,GG,GG,AA,GG,AA,AA,AG,AA,AA,GG,GG,AG,AA,AA,AA,GG,AA,AA
id9002255,GG,AG,GG,GG,GG,AA,GG,GG,GG,AG,GG,AG,GG,AA,AG,AG,GG,AG,AA,GG,GG
TBGI035815,GG,GG,GG,GG,GG,GG,GG,GG,GG,AG,AG,GG,AA,GG,AA,AA,AA,GG,GG,GG,AA
TBGI269199,AG,AG,--,AG,AG,AA,AG,GG,AG,AG,AA,AG,GG,AA,GG,GG,AG,AA,GG,GG,GG
TBGI129273,AA,AA,AA,AA,AA,AA,AA,AA,AA,AA,AA,AA,AA,AA,AA,AA,AA,AA,AA,GG,AA
TBGI117360,AA,AA,AA,AA,AA,AA,AG,AG,AA,AG,AG,AA,AA,AA,GG,GG,AA,AA,AA,GG,AA
TBGI051025,AA,AA,AA,AA,AA,AA,AA,AA,AA,AA,AG,AG,AA,AA,AA,AG,AA,AA,AA,GG,AA
d11007973,AA,AA,AA,AA,AA,AA,GG,AA,AA,AA,AG,AA,AA,GG,AA,AA,AA,AA,GG,AA,AA
TBGI272574,CC,CC,CC,CC,CC,CC,GG,CC,CC,CC,CC,CC,GG,CC,CC,CC,GG,GG,GG,CC,GG
id1006175,GG,GG,GG,GG,GG,GG,AG,AG,GG,GG,GG,AG,GG,GG,AA,AG,GG,AG,GG,AG,GG
TBGI049375,GG,GG,GG,GG,GG,GG,GG,GG,GG,GG,AG,AG,GG,GG,--,AG,GG,GG,GG,AG,GG
TBGI137273,GG,GG,GG,GG,GG,GG,GG,GG,GG,GG,AG,AG,GG,AA,GG,AG,GG,GG,GG,AA,AA
id9001308,AA,AA,AA,AA,AA,GG,GG,AA,AA,AA,--,GG,AA,AA,AA,GG,GG,AA,AA,GG,AA
TBGI272483,GG,GG,GG,GG,GG,GG,GG,GG,GG,GG,GG,GG,GG,GG,GG,AA,AA,AA,AA,GG,AA
TBGI130922,AA,AA,AA,AA,AA,AA,AA,AA,AA,AA,AA,AA,GG,AA,AA,AA,GG,AA,GG,GG,AA
TBGI336573,AA,AA,AA,AA,AA,CC,AC,AC,AA,AA,AA,AA,AA,AA,CC,AA,AA,AA,AA,CC,AA
TBGI334039,GG,GG,GG,GG,GG,CC,CC,GG,GG,GG,GG,GG,GG,GG,GG,GG,GG,GG,GG,CC,GG
id9003720,AA,--,GG,GG,GG,AA,GG,GG,AA,AG,AG,AG,AA,GG,GG,AG,GG,AG,AA,GG,GG
TBGI332680,AA,AA,AA,AA,AA,GG,AA,AA,AA,AA,AG,AA,AA,AA,AA,AA,AA,AA,AA,GG,AA
TBGI045926,TT,TT,TT,TT,TT,TT,TT,TT,TT,TT,TT,AT,TT,TT,TT,AT,TT,TT,TT,AA,TT
TBGI068581,AA,AA,AA,AA,AA,AA,AA,AA,AA,AA,AA,AG,AA,AA,AA,AG,AA,--,AA,GG,AA
TBGI331356,CC,CC,CC,AA,AA,AA,AA,CC,CC,AC,AC,CC,CC,AA,CC,CC,CC,CC,AA,AA,CC
id1013568,TT,TT,TT,TT,AA,AA,TT,TT,TT,TT,TT,TT,TT,TT,TT,--,TT,TT,TT,AA,TT
id12005278,GG,GG,GG,GG,GG,AA,GG,GG,GG,GG,AG,AG,GG,GG,AG,--,AA,GG,GG,AA,GG
id2000618,GG,GG,AA,GG,AA,AG,GG,GG,GG,AG,GG,GG,GG,AG,GG,AG,AA,AA,AA,GG,GG
TBGI331039,GG,GG,GG,AA,GG,GG,AA,GG,GG,GG,AG,GG,GG,AA,GG,GG,GG,GG,AA,AA,GG
TBGI046488,AA,AA,AA,AA,AA,AA,AA,AA,AA,AA,AG,AG,AA,AA,AA,AG,AA,AA,AA,GG,AA
TBGI070545,GG,GG,GG,GG,AG,GG,GG,GG,GG,GG,GG,GG,GG,AG,AG,GG,GG,AG,AG,GG,GG
TBGI035898,AA,AA,AA,AA,TT,TT,AA,AA,AA,AT,AT,AT,TT,TT,TT,AT,TT,AA,TT,AT,TT
TBGI134858,AA,AA,AA,AA,AA,AA,AA,AA,AA,AA,AA,AA,AA,AA,AA,AA,AA,AA,AA,AA,GG
TBGI269006,GG,GG,GG,GG,GG,AA,AA,GG,GG,AG,AG,AG,GG,AA,AG,GG,GG,AA,GG,GG,GG
TBGI138980,AA,AA,AA,AA,AA,AA,AA,AA,AA,AA,AG,GG,AA,AA,AG,GG,AA,AG,AA,AA,AA
TBGI330678,AA,AA,AA,GG,AA,GG,GG,AA,AA,AA,AG,AG,AA,GG,AA,AG,AA,AA,GG,GG,GG
id9002751,CC,CC,CC,CC,GG,CC,GG,CC,CC,CG,CC,CC,GG,CC,CC,CC,CC,CC,CC,CC,GG
TBGI034860,AA,AA,AA,AA,GG,GG,AA,AA,AA,AA,AA,AG,AA,AG,AA,AG,AA,AA,GG,GG,AA
id2016481,AA,AA,AA,AA,AA,AA,GG,GG,AA,AA,AG,AG,AA,AA,AA,AG,AA,AA,AA,GG,AA
id6016941,AA,AA,AA,GG,GG,AA,GG,AA,AA,AG,AG,AA,GG,GG,AA,AA,AA,AA,GG,GG,GG
TBGI044047,GG,AG,--,AG,GG,AG,GG,GG,GG,AG,AG,AA,AG,AG,AG,AA,AG,AA,AG,AA,GG
id4001882,AA,AA,AA,CC,CC,CC,CC,CC,AA,CC,CC,CC,AA,AA,AC,AC,CC,CC,AA,CC,CC
id2000096,AA,AA,AA,TT,AA,TT,--,AT,AA,AT,AA,AT,AA,AA,TT,AA,AA,AT,TT,AT,AA
id6014475,GG,GG,GG,CC,GG,CC,CC,GG,GG,CG,CG,CG,CC,GG,GG,CG,GG,GG,CC,GG,CC
TBGI051771,AA,AA,AA,AA,AA,AA,--,AA,AA,AA,AG,AA,AA,AA,AA,AA,AA,AA,AA,GG,AA
TBGI116726,GG,GG,GG,GG,GG,CG,GG,GG,GG,GG,CG,GG,GG,GG,GG,GG,--,GG,GG,CC,GG
TBGI310793,GG,GG,GG,GG,GG,GG,GG,GG,GG,GG,AG,GG,GG,GG,GG,GG,GG,GG,AG,AA,GG
id12006515,AA,AA,AA,AA,AA,GG,AA,GG,AA,AA,AG,AA,AA,AA,GG,AG,AA,GG,AA,GG,AA
id3008127,GG,GG,GG,GG,GG,GG,GG,GG,GG,GG,GG,AG,GG,GG,GG,AG,GG,AA,GG,GG,GG
TBGI040658,GG,GG,GG,GG,GG,GG,GG,GG,GG,GG,GG,AG,GG,GG,AG,AG,GG,AG,GG,AA,GG
TBGI070371,GG,GG,GG,GG,CC,GG,GG,GG,GG,GG,GG,GG,GG,CC,GG,GG,GG,GG,CC,GG,GG
TBGI046043,AA,AA,AA,AA,AA,AA,AA,AA,AA,AA,AA,AG,AA,AA,AA,AA,AA,AA,AA,GG,AA
TBGI043875,CC,CC,CC,CC,CC,CC,CC,CC,CC,CC,CC,AC,CC,CC,CC,AC,CC,CC,CC,AA,CC
TBGI268650,AA,AA,AA,GG,GG,GG,GG,AA,AA,AG,AG,AG,GG,GG,AA,AA,GG,--,GG,GG,GG
id2000235,GG,AG,AA,AA,GG,AA,GG,GG,GG,AG,AG,GG,AG,GG,AG,GG,GG,--,GG,AA,AA
TBGI035477,CC,CC,CC,CC,GG,CC,CC,CC,CC,CC,CC,CC,CC,GG,CC,CC,CC,CC,GG,CC,CC
id11008945,CC,CC,CC,CC,CC,CC,CC,CC,CC,CC,CC,CC,CC,CC,CC,CC,CC,AC,CC,AA,CC
TBGI065475,AA,AA,AA,AA,AA,AA,AG,AG,AA,AA,AA,AA,AA,AA,AG,AA,AA,AG,AA,AA,AA
TBGI119254,GG,GG,AA,GG,GG,AA,GG,GG,GG,AG,AA,AG,GG,GG,GG,GG,AA,GG,AA,AA,GG
TBGI034279,GG,AG,AG,AA,GG,GG,GG,GG,GG,GG,AG,AG,GG,AA,AA,AG,GG,AA,GG,GG,AA
id4012434,GG,GG,GG,GG,GG,GG,AA,GG,GG,GG,AG,AG,AA,GG,GG,AG,GG,AA,GG,AA,GG
id1009867,AA,AA,AA,GG,AA,AA,AA,GG,AA,AG,AG,AA,AA,GG,GG,AA,AA,--,AA,AA,GG
id10000996,GG,AG,GG,GG,GG,GG,GG,GG,GG,AA,GG,GG,GG,--,AG,GG,GG,AG,GG,AA,GG
id11010335,AA,AA,AA,GG,AA,GG,AA,AA,AA,AG,AA,AG,AA,GG,AA,AG,GG,AA,GG,AA,GG
id2008158,GG,GG,GG,GG,GG,GG,GG,GG,GG,GG,AG,AG,AA,GG,AG,AA,GG,AA,GG,GG,GG
id4002780,AA,AA,AA,GG,GG,GG,GG,GG,AA,AG,AG,AG,AA,AA,GG,AG,AA,GG,AA,GG,AA
TBGI117701,AC,AC,AC,AC,AC,AC,AC,AC,AC,AC,AA,AC,AC,AC,AC,AC,AC,AC,AC,AA,AC
id1006604,GG,GG,GG,GG,GG,AA,GG,GG,GG,AG,AA,AG,AA,GG,GG,AG,AA,GG,GG,AA,AA
TBGI034497,CC,CC,CC,AA,CC,AA,CC,CC,CC,CC,AC,AC,CC,CC,AA,AA,CC,--,AA,AA,AA
TBGI336564,CC,CC,GG,CC,CC,GG,GG,GG,CC,GG,GG,--,GG,GG,GG,CC,GG,GG,GG,GG,CC
id7005477,TT,TT,TT,TT,TT,AA,TT,TT,TT,TT,TT,TT,AA,TT,TT,TT,TT,TT,TT,TT,TT
TBGI116508,AA,AA,AA,AA,AA,GG,GG,GG,AA,AG,AA,AA,GG,GG,AA,AA,AA,GG,AA,AA,GG
id4001733,GG,GG,GG,AA,GG,GG,AA,GG,GG,GG,AG,AG,GG,AA,GG,AG,GG,AG,AA,AA,GG
id10001250,GG,GG,GG,GG,GG,GG,AA,AA,GG,GG,GG,AG,AA,GG,GG,AG,GG,GG,GG,AA,AA
id8006032,AA,--,AA,AA,AA,GG,AA,AA,AA,AA,AA,AA,AA,AA,AG,AA,AA,AG,AA,GG,AA
id3011044,GG,GG,GG,GG,AA,AA,AA,GG,GG,AG,GG,AG,AA,GG,GG,AG,AA,AA,AA,AA,AA
TBGI044944,AA,AA,AA,AA,AA,GG,--,AA,AA,AA,AA,AA,AA,AA,AA,AA,AA,AA,AA,GG,GG
TBGI131619,CC,CC,CC,CC,CC,AA,CC,CC,CC,CC,CC,AC,CC,CC,CC,AA,CC,CC,CC,AA,CC
TBGI044667,GG,AG,GG,GG,GG,GG,GG,GG,GG,GG,GG,AG,GG,GG,AG,AA,GG,--,GG,AA,GG
id5014265,AA,AA,AA,AA,AA,AA,AA,AA,AA,AA,AG,AG,AA,AA,AA,AG,AA,AA,AA,GG,AA
id1000223,AA,AA,CC,CC,AA,CC,CC,CC,AA,CC,CC,AC,CC,AA,AA,AA,CC,CC,AA,AA,CC
id12002700,AA,AA,GG,GG,GG,AA,GG,GG,AA,GG,GG,GG,GG,GG,GG,AG,AA,GG,GG,AA,GG
TBGI039617,CC,CC,CC,CC,CC,AA,CC,AA,CC,CC,AA,AC,AA,CC,CC,AA,CC,CC,CC,CC,AA
TBGI272671,CC,CC,CC,CC,CC,CC,GG,CC,CC,CC,CC,CC,GG,CC,CC,GG,GG,GG,GG,CC,GG
TBGI138757,AA,AA,AA,GG,AA,AA,AA,AA,AA,AG,AA,AA,GG,AA,AA,AA,AA,AA,AA,GG,AA
id12008665,AA,AA,AC,CC,CC,AA,AA,CC,AA,CC,AC,AC,CC,CC,CC,CC,AA,AC,AA,AA,CC
8,CC,CC,CC,CC,CC,CC,AA,CC,CC,AC,AC,CC,AA,CC,CC,AC,AA,CC,AC,CC,AA
id1005261,AA,AA,AA,AA,AA,AA,AG,AG,AA,AA,AA,--,AA,AA,AA,AG,AA,AA,AA,GG,AA
id6003341,CC,CC,CC,AA,CC,CC,CC,AA,CC,AC,AC,CC,CC,AA,CC,CC,CC,CC,CC,CC,CC
TBGI336565,AA,AA,GG,AA,AA,GG,GG,GG,AA,GG,GG,GG,GG,GG,GG,GG,GG,GG,GG,GG,AA
TBGI050566,AA,AA,AA,AA,AA,AA,AA,AA,AA,AA,AG,AG,AA,AA,AA,AG,AA,AA,AA,GG,AA
TBGI135726,AA,AA,AA,AA,AA,AA,AA,AA,AA,AA,AA,AA,AA,AA,AA,AA,AA,AA,AA,AA,GG
TBGI264247,AA,AA,GG,AA,AA,AA,AA,AA,AA,AA,AG,AG,AA,AA,AA,AA,AA,AG,AA,AA,AA
id9002505,AA,AA,GG,GG,GG,GG,GG,GG,AA,AG,GG,AG,GG,GG,AG,GG,GG,AG,AA,AA,AA
TBGI133961,AA,AA,AA,AA,AA,AA,AA,AA,AA,AA,AA,AA,AA,AA,AA,AA,AA,AA,AA,GG,GG
id1013967,AA,AA,AA,GG,AA,GG,GG,GG,AA,GG,GG,GG,GG,GG,GG,GG,AA,AA,AA,GG,GG
TBGI036307,AA,AA,AA,AA,AA,GG,AA,AA,AA,AA,AA,AG,AA,AA,AA,AG,AA,AA,AA,GG,AA
TBGI047523,AA,AA,AA,AA,AA,AA,AA,AA,AA,AA,AG,AG,AA,AA,AA,AG,AA,AA,AA,GG,AA
TBGI135014,AA,AA,AA,AA,AA,AA,AA,AA,AA,AA,AA,AA,AA,AA,AA,AA,GG,AG,AA,--,GG
TBGI044773,GG,GG,GG,GG,GG,AA,GG,GG,GG,GG,GG,GG,GG,GG,GG,GG,GG,GG,GG,GG,AA
id7000978,AA,AA,AA,AA,AA,AA,--,CC,AA,AA,AA,AC,AA,AA,AA,AA,AA,AA,AA,CC,AA
TBGI069318,GG,GG,GG,AA,GG,AA,GG,GG,GG,GG,GG,AG,GG,GG,--,AG,GG,GG,GG,AA,GG
id2012453,AA,AA,AA,AA,GG,AA,AA,AA,AA,AG,AG,AA,AA,AA,AA,AA,AA,--,AA,GG,AA
TBGI049518,GG,GG,GG,GG,GG,GG,GG,GG,GG,GG,AG,AG,GG,GG,GG,AG,GG,GG,GG,AA,GG
id12007988,GG,GG,GG,GG,AA,GG,GG,AA,GG,AG,AG,AG,AA,GG,AA,AA,GG,AA,AA,GG,AA
id10005716,AA,AA,AA,AA,AA,CC,AA,AA,AA,AC,AC,AA,AA,AA,AA,AA,AA,AA,AA,CC,AA
TBGI040850,AA,AA,AA,AA,AA,AA,AC,AC,AA,AA,AA,CC,AC,AA,AC,CC,AA,AC,AA,CC,AC
id10006910,AA,AA,AA,AA,GG,GG,AA,AA,AA,AA,AG,AA,GG,AA,AA,AA,GG,AA,GG,GG,GG
TBGI263069,GG,GG,CC,GG,CC,CC,GG,GG,GG,CG,CC,CC,CC,GG,GG,CC,CC,GG,GG,CC,CC
TBGI096830,GG,AG,AG,GG,AA,AG,AA,GG,GG,AG,AG,AA,AA,AG,AA,AA,AA,AA,AA,AA,AA
TBGI272460,AA,AA,AA,AA,AA,AA,AA,AA,AA,AA,AA,AA,AA,AA,AA,AA,GG,--,GG,AA,AA
TBGI034603,AA,AA,AA,AA,AA,GG,AG,AG,AA,AA,AA,AG,AA,AA,AA,AG,AA,AA,AA,GG,AA
TBGI037456,AA,AA,AA,AA,AA,CC,AA,AA,AA,AA,AA,AC,AA,AA,AA,AC,AA,AA,AA,AA,AA
TBGI127516,AA,AA,AA,AA,AA,AA,AA,AA,AA,AA,AA,AA,AA,AA,AA,AA,AA,AA,AA,GG,AA
id1028304,GG,GG,GG,AA,GG,AA,GG,AG,GG,GG,GG,GG,GG,GG,AG,GG,AA,GG,AA,AA,GG
TBGI062253,GG,GG,GG,GG,AA,GG,GG,GG,GG,AG,AG,GG,GG,GG,GG,GG,GG,GG,GG,AA,GG
TBGI356788,CC,CC,GG,CG,CC,CC,GG,GG,CC,CC,--,GG,GG,CC,GG,GG,GG,GG,CC,CC,CC
TBGI037391,AA,AA,AA,AA,AA,TT,AA,AA,AA,AA,AA,AT,AA,AA,AA,TT,AA,--,AA,AA,AA
id11000858,GG,GG,GG,GG,GG,AG,AA,GG,GG,AG,GG,--,GG,AG,AG,AG,AA,GG,AA,AA,GG
TBGI044211,AA,AA,AA,AA,AA,AA,AA,AA,AA,AA,AA,AA,AA,AA,AA,AA,AA,AA,CC,CC,AA
TBGI068598,GG,GG,GG,GG,GG,GG,GG,GG,GG,AG,GG,AG,GG,GG,GG,AG,GG,AG,GG,AG,GG
TBGI263840,AA,AA,AA,AA,AA,CC,AA,AA,AA,AC,AA,AC,AA,AA,AA,AC,AA,AA,AA,AA,AA
id4006861,AA,AA,AA,GG,GG,AA,GG,AA,AA,GG,GG,AG,GG,AA,AA,AG,AA,AA,AA,GG,GG
TBGI336721,AA,AA,AA,AA,AA,GG,AA,AA,AA,AA,AA,AA,AA,AA,GG,AA,AA,AA,AA,GG,AA
id6004946,AA,AA,AA,AA,AA,GG,AA,GG,AA,AG,AG,AA,GG,GG,AG,AA,GG,AG,AA,AA,AA
TBGI039911,GG,GG,GG,GG,CC,GG,GG,GG,GG,GG,GG,CG,GG,GG,CC,CG,GG,CC,GG,CC,GG
id5007714,AA,AG,--,GG,GG,AA,AG,AG,AA,GG,AG,AG,AA,AA,AG,GG,GG,GG,GG,AG,AA
id12001996,AA,AA,AA,AA,CC,CC,CC,AA,AA,AA,AA,AC,AA,AA,CC,AC,AA,CC,AA,AA,AA
TBGI052154,AA,AA,AA,AA,AA,AA,AA,AA,AA,AA,AC,AC,AA,AA,AA,AC,AA,AA,AA,CC,AA
id11008951,AA,AA,AG,AA,AA,AG,AA,AA,AA,AG,GG,AG,AG,GG,GG,AG,AA,AG,AG,GG,AG
id5012489,GG,GG,GG,GG,AA,GG,GG,GG,GG,AG,AG,AG,AA,GG,GG,AG,GG,GG,GG,AA,GG
TBGI049312,AA,AA,AA,AA,AA,AA,AA,AA,AA,AA,AA,AA,AA,AA,AA,AA,AA,AA,AA,GG,AA
id10001706,GG,GG,CC,GG,CC,GG,GG,GG,GG,GG,CG,CG,GG,GG,GG,CG,GG,CC,CG,GG,GG
id11011505,AT,AT,AT,AA,AT,TT,AA,TT,AT,AA,AT,AT,TT,AT,AT,AT,AA,AT,AA,AA,TT
